sub_topic,date,avg_sentiment,frequency
Appuntamento,2015-01,0.25,2
Appuntamento,2015-04,0.33333333333333331,3
Appuntamento,2015-05,0.25,4
Appuntamento,2015-06,0.25,4
Appuntamento,2015-07,0,1
Appuntamento,2017-01,0.13953488372093023,43
Appuntamento,2017-02,0.1818181818181818,11
Appuntamento,2017-03,0.0909090909090909,11
Appuntamento,2017-04,0.090909090909090912,11
Appuntamento,2017-05,0.11764705882352944,17
Appuntamento,2017-06,0.1875,8
Appuntamento,2017-07,0.27777777777777779,9
Appuntamento,2017-08,0.25,6
Appuntamento,2017-09,0.10714285714285715,14
Appuntamento,2017-10,0.27777777777777779,9
Appuntamento,2017-11,0.071428571428571425,7
Appuntamento,2017-12,0.13636363636363638,11
Appuntamento,2018-01,0.045454545454545463,22
Appuntamento,2018-02,0.10714285714285714,14
Appuntamento,2018-03,0.13157894736842107,19
Appuntamento,2018-04,0,8
Appuntamento,2018-05,0.12499999999999999,12
Appuntamento,2018-06,0.16666666666666666,3
Appuntamento,2018-07,0.16666666666666669,3
Appuntamento,2018-08,0.1875,8
Appuntamento,2018-09,0.1,5
Appuntamento,2018-10,0.05000000000000001,10
Appuntamento,2018-11,0.06521739130434781,23
Appuntamento,2018-12,0.1,40
Appuntamento,2019-01,0.083333333333333329,24
Appuntamento,2019-02,0.086206896551724158,29
Appuntamento,2019-03,0.023809523809523815,21
Appuntamento,2019-04,0.2,15
Appuntamento,2019-05,0.045454545454545449,22
Appuntamento,2019-06,0.13333333333333333,15
Appuntamento,2019-07,0,15
Appuntamento,2019-08,0.045454545454545449,11
Appuntamento,2019-09,0.2142857142857143,14
Appuntamento,2019-10,0.035714285714285719,14
Appuntamento,2019-11,0.20967741935483872,31
Appuntamento,2019-12,0.088235294117647051,17
Appuntamento,2020-01,0.045454545454545463,22
Appuntamento,2020-02,0.17647058823529413,17
Appuntamento,2020-03,0.041666666666666664,12
Appuntamento,2020-04,0.083333333333333343,6
Appuntamento,2020-05,0.055555555555555566,9
Appuntamento,2020-06,0.33333333333333331,9
Appuntamento,2020-07,0.27777777777777779,9
Appuntamento,2020-08,0.1,10
Appuntamento,2020-09,0.06666666666666668,15
Appuntamento,2020-10,0,1
Appuntamento,2020-11,0.0769230769230769,13
Appuntamento,2020-12,0.30000000000000004,15
Appuntamento,2021-01,0.19999999999999996,20
Appuntamento,2021-02,0.1,20
Appuntamento,2021-03,0.39999999999999997,15
Assicurazione,2017-01,0.16666666666666669,6
Assicurazione,2017-02,0,1
Assicurazione,2017-03,0,2
Assicurazione,2017-04,0,2
Assicurazione,2017-05,0,2
Assicurazione,2017-06,0.125,4
Assicurazione,2017-07,0,4
Assicurazione,2017-08,0.16666666666666669,3
Assicurazione,2017-09,0,5
Assicurazione,2017-10,0,1
Assicurazione,2017-11,0,2
Assicurazione,2017-12,0.055555555555555552,9
Assicurazione,2018-01,0.25,2
Assicurazione,2018-02,0.125,4
Assicurazione,2018-03,0.66666666666666663,3
Assicurazione,2018-04,0,1
Assicurazione,2018-05,0.083333333333333343,6
Assicurazione,2018-06,0,1
Assicurazione,2018-07,0.16666666666666669,3
Assicurazione,2018-08,0,3
Assicurazione,2018-09,0.25,2
Assicurazione,2018-10,0.16666666666666669,3
Assicurazione,2018-11,0.1875,8
Assicurazione,2018-12,0,1
Assicurazione,2019-01,0.25,4
Assicurazione,2019-02,0.125,4
Assicurazione,2019-03,0.083333333333333343,6
Assicurazione,2019-04,0.25,2
Assicurazione,2019-05,0,5
Assicurazione,2019-06,0.25,4
Assicurazione,2019-07,0.5,2
Assicurazione,2019-08,0.66666666666666663,3
Assicurazione,2019-09,0,5
Assicurazione,2019-10,0.083333333333333343,6
Assicurazione,2019-11,0.090909090909090912,11
Assicurazione,2019-12,0,3
Assicurazione,2020-01,0.16666666666666669,12
Assicurazione,2020-02,0.2142857142857143,7
Assicurazione,2020-03,0.16666666666666669,6
Assicurazione,2020-04,0.4,5
Assicurazione,2020-05,0.15,10
Assicurazione,2020-06,0,4
Assicurazione,2020-07,0,5
Assicurazione,2020-08,0.2,5
Assicurazione,2020-09,0,2
Assicurazione,2020-11,0,3
Assicurazione,2020-12,0.2142857142857143,7
Assicurazione,2021-01,0.0625,8
Assicurazione,2021-02,0.31818181818181823,11
Assicurazione,2021-03,0.22222222222222227,9
Attesa,2015-01,0,6
Attesa,2015-02,0,2
Attesa,2015-03,0,5
Attesa,2015-04,0.13636363636363635,11
Attesa,2015-05,0.15789473684210528,19
Attesa,2015-06,0.19999999999999998,10
Attesa,2017-01,0.098484848484848508,132
Attesa,2017-02,0.058823529411764733,34
Attesa,2017-03,0,24
Attesa,2017-04,0.022727272727272731,22
Attesa,2017-05,0.041666666666666657,24
Attesa,2017-06,0.095238095238095261,21
Attesa,2017-07,0.12500000000000003,20
Attesa,2017-08,0.099999999999999992,10
Attesa,2017-09,0.27777777777777779,18
Attesa,2017-10,0.13636363636363638,22
Attesa,2017-11,0.12500000000000003,20
Attesa,2017-12,0.074074074074074084,27
Attesa,2018-01,0.04,25
Attesa,2018-02,0.092592592592592587,27
Attesa,2018-03,0,22
Attesa,2018-04,0,12
Attesa,2018-05,0.041666666666666664,12
Attesa,2018-06,0.14,25
Attesa,2018-07,0,11
Attesa,2018-08,0,8
Attesa,2018-09,0.099999999999999992,10
Attesa,2018-10,0.10416666666666669,24
Attesa,2018-11,0.07407407407407407,54
Attesa,2018-12,0.1304347826086957,46
Attesa,2019-01,0.12280701754385964,57
Attesa,2019-02,0.10714285714285716,56
Attesa,2019-03,0.10000000000000002,30
Attesa,2019-04,0.13636363636363638,22
Attesa,2019-05,0.078125000000000014,32
Attesa,2019-06,0.0666666666666667,30
Attesa,2019-07,0.074074074074074084,27
Attesa,2019-08,0.10869565217391304,23
Attesa,2019-09,0.035714285714285712,14
Attesa,2019-10,0.0967741935483871,31
Attesa,2019-11,0.071428571428571438,49
Attesa,2019-12,0.087500000000000022,40
Attesa,2020-01,0.012820512820512827,39
Attesa,2020-02,0.0740740740740741,27
Attesa,2020-03,0.049999999999999996,20
Attesa,2020-04,0.062500000000000014,8
Attesa,2020-05,0.16666666666666663,24
Attesa,2020-06,0.16666666666666663,24
Attesa,2020-07,0.1153846153846154,13
Attesa,2020-08,0.27777777777777785,18
Attesa,2020-09,0.19999999999999998,25
Attesa,2020-11,0.035714285714285719,14
Attesa,2020-12,0.16666666666666666,18
Attesa,2021-01,0.1326530612244898,49
Attesa,2021-02,0.21710526315789477,76
Attesa,2021-03,0.1440677966101695,59
Attesa Intervento,2015-02,0,1
Attesa Intervento,2015-04,0,1
Attesa Intervento,2015-05,0,2
Attesa Intervento,2017-01,0.1,5
Attesa Intervento,2017-02,0,4
Attesa Intervento,2017-04,0,1
Attesa Intervento,2017-08,0,1
Attesa Intervento,2017-09,0,3
Attesa Intervento,2017-11,0,1
Attesa Intervento,2017-12,0,1
Attesa Intervento,2018-01,0.5,1
Attesa Intervento,2018-02,0,2
Attesa Intervento,2018-03,0,1
Attesa Intervento,2018-05,0,3
Attesa Intervento,2018-06,0,1
Attesa Intervento,2018-07,0,4
Attesa Intervento,2018-08,0,1
Attesa Intervento,2018-11,0,4
Attesa Intervento,2018-12,0.66666666666666663,3
Attesa Intervento,2019-01,0,2
Attesa Intervento,2019-02,0.375,4
Attesa Intervento,2019-03,0,1
Attesa Intervento,2019-04,0,2
Attesa Intervento,2019-06,0,2
Attesa Intervento,2019-09,0,3
Attesa Intervento,2019-10,0,2
Attesa Intervento,2019-11,0.5,1
Attesa Intervento,2020-01,0.25,2
Attesa Intervento,2020-02,0.25,2
Attesa Intervento,2020-04,0,2
Attesa Intervento,2020-05,0,1
Attesa Intervento,2020-06,0,3
Attesa Intervento,2020-07,0,4
Attesa Intervento,2020-09,0,2
Attesa Intervento,2020-11,0.25,2
Attesa Intervento,2020-12,0,2
Attesa Intervento,2021-01,0,2
Attesa Intervento,2021-02,0,2
Attesa Intervento,2021-03,0,1
Attesa PEX,2017-01,0.5,1
Attesa PEX,2017-06,0,1
Attesa PEX,2017-11,0,1
Attesa PEX,2018-01,0,1
Attesa PEX,2018-03,0,1
Attesa PEX,2018-04,0.16666666666666669,3
Attesa PEX,2018-11,0,1
Attesa PEX,2019-01,0,1
Attesa PEX,2019-02,1,1
Attesa PEX,2021-02,0,1
Attesa PEX,2021-03,0,1
Brand,2015-01,0.5,2
Brand,2015-02,0,2
Brand,2015-03,0,2
Brand,2015-04,0.2,5
Brand,2015-05,0.125,4
Brand,2015-06,0,4
Brand,2017-01,0.1607142857142857,56
Brand,2017-02,0,8
Brand,2017-03,0,9
Brand,2017-04,0.12500000000000003,8
Brand,2017-05,0.1875,8
Brand,2017-06,0.375,4
Brand,2017-07,0.5,5
Brand,2017-08,0.4,5
Brand,2017-09,0.1875,8
Brand,2017-10,0.13333333333333336,15
Brand,2017-11,0,8
Brand,2017-12,0.3,5
Brand,2018-01,0.5,6
Brand,2018-02,0.18181818181818185,11
Brand,2018-03,0.041666666666666664,12
Brand,2018-04,0.27777777777777779,9
Brand,2018-05,0.58333333333333337,6
Brand,2018-06,0,8
Brand,2018-07,0.27272727272727271,11
Brand,2018-08,0.25,4
Brand,2018-09,0.5,3
Brand,2018-10,0.2,10
Brand,2018-11,0.40476190476190482,21
Brand,2018-12,0.27777777777777773,27
Brand,2019-01,0.18333333333333335,30
Brand,2019-02,0,15
Brand,2019-03,0.14062499999999997,32
Brand,2019-04,0.42307692307692307,26
Brand,2019-05,0.39583333333333337,24
Brand,2019-06,0.10714285714285714,14
Brand,2019-07,0.23529411764705888,17
Brand,2019-08,0.27272727272727276,11
Brand,2019-09,0.225,20
Brand,2019-10,0.33333333333333331,24
Brand,2019-11,0.34375,16
Brand,2019-12,0.2419354838709678,31
Brand,2020-01,0.18750000000000003,24
Brand,2020-02,0.1764705882352941,17
Brand,2020-03,0.11538461538461539,13
Brand,2020-04,0.45454545454545453,11
Brand,2020-05,0.15384615384615383,13
Brand,2020-06,0.39285714285714285,14
Brand,2020-07,0.16666666666666669,21
Brand,2020-08,0.12499999999999999,12
Brand,2020-09,0.22222222222222221,9
Brand,2020-11,0,9
Brand,2020-12,0.28571428571428581,21
Brand,2021-01,0.16666666666666669,12
Brand,2021-02,0.2,10
Brand,2021-03,0.35294117647058826,17
Comunicazione Tecnico,2015-02,0,1
Comunicazione Tecnico,2015-04,0,1
Comunicazione Tecnico,2015-05,0.25,4
Comunicazione Tecnico,2015-06,0.25,2
Comunicazione Tecnico,2017-01,0.35714285714285715,14
Comunicazione Tecnico,2017-02,0.33333333333333337,6
Comunicazione Tecnico,2017-03,0.25,2
Comunicazione Tecnico,2017-04,0.5,4
Comunicazione Tecnico,2017-05,0.5,2
Comunicazione Tecnico,2017-06,0,1
Comunicazione Tecnico,2017-07,0.6,5
Comunicazione Tecnico,2017-08,1,1
Comunicazione Tecnico,2017-09,0.5,2
Comunicazione Tecnico,2017-10,0,5
Comunicazione Tecnico,2017-11,0.25,2
Comunicazione Tecnico,2017-12,0.33333333333333337,3
Comunicazione Tecnico,2018-01,0.5,5
Comunicazione Tecnico,2018-02,0.5,4
Comunicazione Tecnico,2018-03,0.75,4
Comunicazione Tecnico,2018-04,0.5,1
Comunicazione Tecnico,2018-05,0.16666666666666669,3
Comunicazione Tecnico,2018-06,0.33333333333333337,3
Comunicazione Tecnico,2018-07,0.5,1
Comunicazione Tecnico,2018-09,0,1
Comunicazione Tecnico,2018-10,0.5,3
Comunicazione Tecnico,2018-11,0.58333333333333337,6
Comunicazione Tecnico,2018-12,1,2
Comunicazione Tecnico,2019-01,0.65,10
Comunicazione Tecnico,2019-02,0.64285714285714279,7
Comunicazione Tecnico,2019-03,0.75,4
Comunicazione Tecnico,2019-04,0.9,5
Comunicazione Tecnico,2019-05,0.62500000000000011,8
Comunicazione Tecnico,2019-06,0.4,5
Comunicazione Tecnico,2019-07,0.2,5
Comunicazione Tecnico,2019-08,0.3571428571428571,7
Comunicazione Tecnico,2019-09,0.5,5
Comunicazione Tecnico,2019-10,0.375,4
Comunicazione Tecnico,2019-11,0.75,4
Comunicazione Tecnico,2019-12,0.5,2
Comunicazione Tecnico,2020-01,0.2142857142857143,7
Comunicazione Tecnico,2020-02,0.5,8
Comunicazione Tecnico,2020-03,0.25,4
Comunicazione Tecnico,2020-04,0.5,5
Comunicazione Tecnico,2020-05,0.25,4
Comunicazione Tecnico,2020-06,0.375,8
Comunicazione Tecnico,2020-07,0.5625,8
Comunicazione Tecnico,2020-08,0.25,6
Comunicazione Tecnico,2020-09,0.44444444444444442,9
Comunicazione Tecnico,2020-11,0.44444444444444442,9
Comunicazione Tecnico,2020-12,0.45,10
Comunicazione Tecnico,2021-01,0.5714285714285714,21
Comunicazione Tecnico,2021-02,0.58333333333333337,18
Comunicazione Tecnico,2021-03,0.61764705882352944,17
Contact Center,2015-01,0.092105263157894746,38
Contact Center,2015-02,0.081081081081081113,37
Contact Center,2015-03,0.07,50
Contact Center,2015-04,0.026315789473684209,38
Contact Center,2015-05,0.1122448979591837,49
Contact Center,2015-06,0.096153846153846145,26
Contact Center,2015-07,0,5
Contact Center,2017-01,0.096885813148789066,867
Contact Center,2017-02,0.0737704918032787,183
Contact Center,2017-03,0.15064102564102569,156
Contact Center,2017-04,0.18656716417910443,134
Contact Center,2017-05,0.10344827586206894,174
Contact Center,2017-06,0.12937062937062943,143
Contact Center,2017-07,0.15000000000000005,100
Contact Center,2017-08,0.16447368421052633,76
Contact Center,2017-09,0.18932038834951462,103
Contact Center,2017-10,0.14173228346456695,127
Contact Center,2017-11,0.12500000000000003,164
Contact Center,2017-12,0.15185185185185188,135
Contact Center,2018-01,0.13580246913580252,162
Contact Center,2018-02,0.16666666666666666,135
Contact Center,2018-03,0.20270270270270271,111
Contact Center,2018-04,0.24242424242424243,66
Contact Center,2018-05,0.2967032967032967,91
Contact Center,2018-06,0.20930232558139536,86
Contact Center,2018-07,0.2205882352941177,68
Contact Center,2018-08,0.15686274509803916,51
Contact Center,2018-09,0.22641509433962262,53
Contact Center,2018-10,0.23972602739726012,73
Contact Center,2018-11,0.14583333333333318,192
Contact Center,2018-12,0.15099009900990099,202
Contact Center,2019-01,0.21138211382113811,246
Contact Center,2019-02,0.19409282700421937,237
Contact Center,2019-03,0.16111111111111104,180
Contact Center,2019-04,0.22101449275362328,138
Contact Center,2019-05,0.238219895287958,191
Contact Center,2019-06,0.1758620689655172,145
Contact Center,2019-07,0.22500000000000006,160
Contact Center,2019-08,0.25984251968503946,127
Contact Center,2019-09,0.20400000000000004,125
Contact Center,2019-10,0.23446327683615817,177
Contact Center,2019-11,0.23640167364016729,239
Contact Center,2019-12,0.26785714285714296,140
Contact Center,2020-01,0.13666666666666663,150
Contact Center,2020-02,0.24666666666666662,150
Contact Center,2020-03,0.30000000000000004,80
Contact Center,2020-04,0.26515151515151497,66
Contact Center,2020-05,0.1538461538461538,117
Contact Center,2020-06,0.26890756302521018,119
Contact Center,2020-07,0.24999999999999989,116
Contact Center,2020-08,0.20833333333333329,84
Contact Center,2020-09,0.18691588785046728,107
Contact Center,2020-10,0.27272727272727276,11
Contact Center,2020-11,0.19711538461538464,104
Contact Center,2020-12,0.23790322580645162,124
Contact Center,2021-01,0.31227436823104671,277
Contact Center,2021-02,0.44125326370757223,383
Contact Center,2021-03,0.48883374689826303,403
Costo Chiamata,2015-01,0,5
Costo Chiamata,2015-02,0.125,4
Costo Chiamata,2015-03,0.25,6
Costo Chiamata,2015-04,0.125,4
Costo Chiamata,2015-05,0.15,10
Costo Chiamata,2015-06,0.16666666666666669,6
Costo Chiamata,2017-01,0.0681818181818182,132
Costo Chiamata,2017-02,0.10000000000000002,25
Costo Chiamata,2017-03,0.021739130434782612,23
Costo Chiamata,2017-04,0.043478260869565216,23
Costo Chiamata,2017-05,0.0925925925925926,27
Costo Chiamata,2017-06,0.13333333333333336,15
Costo Chiamata,2017-07,0.05000000000000001,10
Costo Chiamata,2017-08,0,1
Costo Chiamata,2017-09,0.25,4
Costo Chiamata,2017-10,0,12
Costo Chiamata,2017-11,0.1818181818181818,11
Costo Chiamata,2017-12,0.083333333333333329,12
Costo Chiamata,2018-01,0.027777777777777776,18
Costo Chiamata,2018-02,0.19999999999999998,10
Costo Chiamata,2018-03,0.083333333333333315,12
Costo Chiamata,2018-04,0,8
Costo Chiamata,2018-05,0.1875,16
Costo Chiamata,2018-06,0,3
Costo Chiamata,2018-07,0.375,8
Costo Chiamata,2018-09,0,5
Costo Chiamata,2018-10,0,5
Costo Chiamata,2018-11,0.16666666666666666,15
Costo Chiamata,2018-12,0.18181818181818182,22
Costo Chiamata,2019-01,0.13043478260869565,23
Costo Chiamata,2019-02,0.083333333333333329,12
Costo Chiamata,2019-03,0.12499999999999999,12
Costo Chiamata,2019-04,0.31250000000000006,16
Costo Chiamata,2019-05,0.30000000000000004,15
Costo Chiamata,2019-06,0.10000000000000002,10
Costo Chiamata,2019-07,0.035714285714285719,14
Costo Chiamata,2019-08,0.16666666666666663,15
Costo Chiamata,2019-09,0.13636363636363638,11
Costo Chiamata,2019-10,0.045454545454545463,22
Costo Chiamata,2019-11,0.13888888888888892,18
Costo Chiamata,2019-12,0.093750000000000014,16
Costo Chiamata,2020-01,0.12500000000000003,20
Costo Chiamata,2020-02,0.28571428571428575,14
Costo Chiamata,2020-03,0.083333333333333343,6
Costo Chiamata,2020-04,0.083333333333333343,6
Costo Chiamata,2020-05,0.4285714285714286,7
Costo Chiamata,2020-06,0.2142857142857143,7
Costo Chiamata,2020-07,0.16666666666666669,12
Costo Chiamata,2020-08,0.19999999999999998,10
Costo Chiamata,2020-09,0.17857142857142855,14
Costo Chiamata,2020-10,0,1
Costo Chiamata,2020-11,0.071428571428571438,7
Costo Chiamata,2020-12,0.11904761904761907,21
Costo Chiamata,2021-01,0.16666666666666669,18
Costo Chiamata,2021-02,0.21739130434782614,23
Costo Chiamata,2021-03,0.22727272727272729,22
Costo Riparazione,2015-01,0.10294117647058826,34
Costo Riparazione,2015-02,0.16666666666666669,30
Costo Riparazione,2015-03,0.15116279069767441,43
Costo Riparazione,2015-04,0.2045454545454545,44
Costo Riparazione,2015-05,0.17924528301886797,53
Costo Riparazione,2015-06,0.17073170731707318,41
Costo Riparazione,2015-07,0,5
Costo Riparazione,2017-01,0.16509988249118687,851
Costo Riparazione,2017-02,0.19111111111111126,225
Costo Riparazione,2017-03,0.14784946236559135,186
Costo Riparazione,2017-04,0.19298245614035089,114
Costo Riparazione,2017-05,0.21219512195121953,205
Costo Riparazione,2017-06,0.18749999999999997,160
Costo Riparazione,2017-07,0.24015748031496065,127
Costo Riparazione,2017-08,0.21500000000000002,100
Costo Riparazione,2017-09,0.20720720720720723,111
Costo Riparazione,2017-10,0.19254658385093168,161
Costo Riparazione,2017-11,0.21524663677130051,223
Costo Riparazione,2017-12,0.22812500000000002,160
Costo Riparazione,2018-01,0.21226415094339621,212
Costo Riparazione,2018-02,0.19526627218934919,169
Costo Riparazione,2018-03,0.23796791443850265,187
Costo Riparazione,2018-04,0.19354838709677422,124
Costo Riparazione,2018-05,0.20552147239263804,163
Costo Riparazione,2018-06,0.23404255319148937,141
Costo Riparazione,2018-07,0.25153374233128828,163
Costo Riparazione,2018-08,0.24782608695652167,115
Costo Riparazione,2018-09,0.17741935483870969,93
Costo Riparazione,2018-10,0.2038216560509554,157
Costo Riparazione,2018-11,0.220216606498195,277
Costo Riparazione,2018-12,0.22222222222222229,342
Costo Riparazione,2019-01,0.20992366412213737,393
Costo Riparazione,2019-02,0.18899521531100474,418
Costo Riparazione,2019-03,0.1913746630727762,371
Costo Riparazione,2019-04,0.1944444444444445,306
Costo Riparazione,2019-05,0.21546052631578938,304
Costo Riparazione,2019-06,0.21984435797665369,257
Costo Riparazione,2019-07,0.20077220077220068,259
Costo Riparazione,2019-08,0.17446808510638304,235
Costo Riparazione,2019-09,0.22532188841201717,233
Costo Riparazione,2019-10,0.20414201183431957,338
Costo Riparazione,2019-11,0.23538461538461544,325
Costo Riparazione,2019-12,0.21147540983606572,305
Costo Riparazione,2020-01,0.18428184281842819,369
Costo Riparazione,2020-02,0.18770226537216828,309
Costo Riparazione,2020-03,0.22039473684210528,152
Costo Riparazione,2020-04,0.23666666666666672,150
Costo Riparazione,2020-05,0.26585365853658544,205
Costo Riparazione,2020-06,0.21193415637860077,243
Costo Riparazione,2020-07,0.19574468085106378,235
Costo Riparazione,2020-08,0.20923913043478262,184
Costo Riparazione,2020-09,0.19946808510638292,188
Costo Riparazione,2020-10,0.14285714285714285,14
Costo Riparazione,2020-11,0.20312500000000003,192
Costo Riparazione,2020-12,0.20220588235294118,272
Costo Riparazione,2021-01,0.26271186440677946,413
Costo Riparazione,2021-02,0.2887453874538749,542
Costo Riparazione,2021-03,0.37817796610169485,472
Danni Prodotto Spedito,2015-02,0,1
Danni Prodotto Spedito,2015-03,0,1
Danni Prodotto Spedito,2015-04,0,1
Danni Prodotto Spedito,2015-05,0,1
Danni Prodotto Spedito,2015-06,0,1
Danni Prodotto Spedito,2015-07,0,1
Danni Prodotto Spedito,2017-01,0.18749999999999994,16
Danni Prodotto Spedito,2017-02,0,1
Danni Prodotto Spedito,2017-03,0.125,4
Danni Prodotto Spedito,2017-04,0,3
Danni Prodotto Spedito,2017-05,0.33333333333333331,9
Danni Prodotto Spedito,2017-07,0,2
Danni Prodotto Spedito,2017-09,0,3
Danni Prodotto Spedito,2017-10,0,2
Danni Prodotto Spedito,2017-11,0,4
Danni Prodotto Spedito,2017-12,0.16666666666666669,3
Danni Prodotto Spedito,2018-01,0,4
Danni Prodotto Spedito,2018-02,0,4
Danni Prodotto Spedito,2018-03,0,5
Danni Prodotto Spedito,2018-04,0.5,1
Danni Prodotto Spedito,2018-05,0,2
Danni Prodotto Spedito,2018-06,0,1
Danni Prodotto Spedito,2018-07,0,2
Danni Prodotto Spedito,2018-08,0,1
Danni Prodotto Spedito,2018-09,0,3
Danni Prodotto Spedito,2018-10,0,1
Danni Prodotto Spedito,2018-11,0.375,4
Danni Prodotto Spedito,2018-12,0.3125,8
Danni Prodotto Spedito,2019-01,0.28571428571428575,7
Danni Prodotto Spedito,2019-02,0.14285714285714288,7
Danni Prodotto Spedito,2019-03,0.125,4
Danni Prodotto Spedito,2019-04,0.13636363636363635,11
Danni Prodotto Spedito,2019-05,0,6
Danni Prodotto Spedito,2019-06,0,2
Danni Prodotto Spedito,2019-07,0,3
Danni Prodotto Spedito,2019-08,0.083333333333333343,6
Danni Prodotto Spedito,2019-09,0,4
Danni Prodotto Spedito,2019-10,0.25000000000000006,8
Danni Prodotto Spedito,2019-11,0.125,8
Danni Prodotto Spedito,2019-12,0.16666666666666669,6
Danni Prodotto Spedito,2020-01,0,6
Danni Prodotto Spedito,2020-02,0,4
Danni Prodotto Spedito,2020-03,0,2
Danni Prodotto Spedito,2020-04,0,2
Danni Prodotto Spedito,2020-05,0,3
Danni Prodotto Spedito,2020-06,0.071428571428571425,7
Danni Prodotto Spedito,2020-07,0,2
Danni Prodotto Spedito,2020-08,0,3
Danni Prodotto Spedito,2020-09,0.083333333333333343,6
Danni Prodotto Spedito,2020-11,0.1,5
Danni Prodotto Spedito,2020-12,0,2
Danni Prodotto Spedito,2021-01,0.14285714285714285,7
Danni Prodotto Spedito,2021-02,0,9
Danni Prodotto Spedito,2021-03,0.33333333333333337,6
Difficoltà Contatto,2015-01,0,1
Difficoltà Contatto,2015-02,0,1
Difficoltà Contatto,2015-03,0,2
Difficoltà Contatto,2015-04,0,1
Difficoltà Contatto,2015-05,0.125,4
Difficoltà Contatto,2015-06,0.1,5
Difficoltà Contatto,2017-01,0.13513513513513514,74
Difficoltà Contatto,2017-02,0,14
Difficoltà Contatto,2017-03,0.11111111111111113,18
Difficoltà Contatto,2017-04,0,9
Difficoltà Contatto,2017-05,0,5
Difficoltà Contatto,2017-06,0,7
Difficoltà Contatto,2017-07,0,5
Difficoltà Contatto,2017-08,0.33333333333333331,9
Difficoltà Contatto,2017-09,0.14285714285714285,7
Difficoltà Contatto,2017-10,0.5,3
Difficoltà Contatto,2017-11,0.06666666666666668,15
Difficoltà Contatto,2017-12,0.44444444444444442,9
Difficoltà Contatto,2018-01,0.17857142857142855,14
Difficoltà Contatto,2018-02,0.33333333333333337,6
Difficoltà Contatto,2018-03,0,21
Difficoltà Contatto,2018-04,0,6
Difficoltà Contatto,2018-05,0.19230769230769229,13
Difficoltà Contatto,2018-06,0,8
Difficoltà Contatto,2018-07,0.17857142857142858,14
Difficoltà Contatto,2018-08,0,9
Difficoltà Contatto,2018-09,0,6
Difficoltà Contatto,2018-10,0.125,12
Difficoltà Contatto,2018-11,0.09375,16
Difficoltà Contatto,2018-12,0.13461538461538466,26
Difficoltà Contatto,2019-01,0.096774193548387108,31
Difficoltà Contatto,2019-02,0.13636363636363638,22
Difficoltà Contatto,2019-03,0.16666666666666669,12
Difficoltà Contatto,2019-04,0.1875,16
Difficoltà Contatto,2019-05,0.21052631578947364,19
Difficoltà Contatto,2019-06,0.125,12
Difficoltà Contatto,2019-07,0.1304347826086957,23
Difficoltà Contatto,2019-08,0.25000000000000006,8
Difficoltà Contatto,2019-09,0.09375,16
Difficoltà Contatto,2019-10,0.043478260869565223,23
Difficoltà Contatto,2019-11,0.22222222222222227,18
Difficoltà Contatto,2019-12,0.13636363636363635,22
Difficoltà Contatto,2020-01,0.19444444444444448,18
Difficoltà Contatto,2020-02,0.14705882352941174,17
Difficoltà Contatto,2020-03,0.25000000000000006,10
Difficoltà Contatto,2020-04,0.071428571428571438,14
Difficoltà Contatto,2020-05,0.033333333333333333,15
Difficoltà Contatto,2020-06,0.25000000000000006,20
Difficoltà Contatto,2020-07,0.32352941176470595,17
Difficoltà Contatto,2020-08,0,6
Difficoltà Contatto,2020-09,0.13333333333333336,15
Difficoltà Contatto,2020-11,0.099999999999999992,10
Difficoltà Contatto,2020-12,0.22222222222222221,9
Difficoltà Contatto,2021-01,0.29166666666666674,24
Difficoltà Contatto,2021-02,0.32608695652173914,23
Difficoltà Contatto,2021-03,0.3235294117647059,34
Fasce orarie,2015-01,0,3
Fasce orarie,2015-02,0.25,2
Fasce orarie,2015-03,0,9
Fasce orarie,2015-04,0,6
Fasce orarie,2015-05,0.15,10
Fasce orarie,2015-06,0.3,5
Fasce orarie,2017-01,0.13750000000000004,120
Fasce orarie,2017-02,0.088235294117647065,34
Fasce orarie,2017-03,0.088235294117647065,34
Fasce orarie,2017-04,0.092592592592592587,27
Fasce orarie,2017-05,0.13750000000000004,40
Fasce orarie,2017-06,0.19999999999999998,25
Fasce orarie,2017-07,0.13043478260869565,23
Fasce orarie,2017-08,0.13157894736842105,19
Fasce orarie,2017-09,0.060606060606060622,33
Fasce orarie,2017-10,0.20370370370370366,27
Fasce orarie,2017-11,0.062500000000000014,32
Fasce orarie,2017-12,0.22916666666666669,24
Fasce orarie,2018-01,0.13461538461538464,26
Fasce orarie,2018-02,0.083333333333333329,24
Fasce orarie,2018-03,0.12068965517241383,29
Fasce orarie,2018-04,0.10526315789473684,19
Fasce orarie,2018-05,0.11363636363636366,22
Fasce orarie,2018-06,0.086956521739130446,23
Fasce orarie,2018-07,0.21739130434782611,23
Fasce orarie,2018-08,0.11764705882352944,17
Fasce orarie,2018-09,0.026315789473684216,19
Fasce orarie,2018-10,0.16176470588235289,34
Fasce orarie,2018-11,0.14705882352941177,34
Fasce orarie,2018-12,0.11702127659574471,47
Fasce orarie,2019-01,0.1454545454545455,55
Fasce orarie,2019-02,0.13888888888888887,54
Fasce orarie,2019-03,0.11842105263157895,38
Fasce orarie,2019-04,0.087500000000000022,40
Fasce orarie,2019-05,0.2021276595744681,47
Fasce orarie,2019-06,0.086206896551724144,29
Fasce orarie,2019-07,0.17647058823529413,34
Fasce orarie,2019-08,0.23611111111111116,36
Fasce orarie,2019-09,0.20512820512820509,39
Fasce orarie,2019-10,0.13725490196078433,51
Fasce orarie,2019-11,0.1800000000000001,50
Fasce orarie,2019-12,0.098039215686274522,51
Fasce orarie,2020-01,0.14130434782608697,46
Fasce orarie,2020-02,0.12903225806451613,31
Fasce orarie,2020-03,0.1764705882352941,17
Fasce orarie,2020-04,0.3214285714285714,14
Fasce orarie,2020-05,0.18333333333333332,30
Fasce orarie,2020-06,0.1111111111111111,18
Fasce orarie,2020-07,0.17647058823529407,34
Fasce orarie,2020-08,0.026315789473684216,19
Fasce orarie,2020-09,0.1666666666666666,33
Fasce orarie,2020-10,0.16666666666666669,3
Fasce orarie,2020-11,0.30555555555555558,18
Fasce orarie,2020-12,0.096153846153846159,26
Fasce orarie,2021-01,0.16981132075471697,53
Fasce orarie,2021-02,0.17142857142857143,70
Fasce orarie,2021-03,0.17241379310344826,58
Garanzia,2015-01,0.15789473684210525,19
Garanzia,2015-02,0.19230769230769232,13
Garanzia,2015-03,0.11538461538461538,13
Garanzia,2015-04,0.11764705882352941,17
Garanzia,2015-05,0.16071428571428573,28
Garanzia,2015-06,0.051724137931034482,29
Garanzia,2015-07,0,2
Garanzia,2017-01,0.099609375,256
Garanzia,2017-02,0.10563380281690143,71
Garanzia,2017-03,0.057692307692307744,78
Garanzia,2017-04,0.1764705882352941,51
Garanzia,2017-05,0.14754098360655732,61
Garanzia,2017-06,0.13888888888888892,54
Garanzia,2017-07,0.16326530612244902,49
Garanzia,2017-08,0.16129032258064518,31
Garanzia,2017-09,0.17647058823529418,34
Garanzia,2017-10,0.13265306122448978,49
Garanzia,2017-11,0.11627906976744189,43
Garanzia,2017-12,0.0957446808510638,47
Garanzia,2018-01,0.14285714285714285,49
Garanzia,2018-02,0.20754716981132076,53
Garanzia,2018-03,0.10227272727272728,44
Garanzia,2018-04,0.12820512820512822,39
Garanzia,2018-05,0.14814814814814811,54
Garanzia,2018-06,0.19117647058823534,34
Garanzia,2018-07,0.20731707317073172,41
Garanzia,2018-08,0.064516129032258077,31
Garanzia,2018-09,0.14000000000000007,25
Garanzia,2018-10,0.18571428571428572,35
Garanzia,2018-11,0.097222222222222238,72
Garanzia,2018-12,0.13333333333333339,90
Garanzia,2019-01,0.16853932584269665,89
Garanzia,2019-02,0.10550458715596332,109
Garanzia,2019-03,0.1318681318681319,91
Garanzia,2019-04,0.10493827160493832,81
Garanzia,2019-05,0.21739130434782608,69
Garanzia,2019-06,0.17741935483870977,93
Garanzia,2019-07,0.076923076923076941,52
Garanzia,2019-08,0.20588235294117652,68
Garanzia,2019-09,0.12295081967213115,61
Garanzia,2019-10,0.1161616161616162,99
Garanzia,2019-11,0.18269230769230765,104
Garanzia,2019-12,0.16428571428571437,70
Garanzia,2020-01,0.16355140186915898,107
Garanzia,2020-02,0.11926605504587157,109
Garanzia,2020-03,0.19767441860465115,43
Garanzia,2020-04,0.13829787234042551,47
Garanzia,2020-05,0.14383561643835618,73
Garanzia,2020-06,0.17857142857142869,84
Garanzia,2020-07,0.14814814814814817,81
Garanzia,2020-08,0.16037735849056603,53
Garanzia,2020-09,0.25324675324675322,77
Garanzia,2020-10,0.35714285714285715,7
Garanzia,2020-11,0.19565217391304349,69
Garanzia,2020-12,0.14516129032258071,62
Garanzia,2021-01,0.12025316455696201,79
Garanzia,2021-02,0.11290322580645154,62
Garanzia,2021-03,0.13461538461538461,78
Hotpoint,2015-03,0,1
Hotpoint,2015-04,0,1
Hotpoint,2017-01,0,2
Hotpoint,2017-02,0.5,2
Hotpoint,2017-03,0,1
Hotpoint,2017-04,0,2
Hotpoint,2017-05,0,2
Hotpoint,2017-06,0,1
Hotpoint,2017-07,0,1
Hotpoint,2017-09,0.5,2
Hotpoint,2017-10,0.33333333333333337,3
Hotpoint,2017-11,0,2
Hotpoint,2017-12,0,4
Hotpoint,2018-01,0,4
Hotpoint,2018-02,1,1
Hotpoint,2018-04,0.33333333333333331,3
Hotpoint,2018-06,0.25,4
Hotpoint,2018-07,0,1
Hotpoint,2018-08,0,2
Hotpoint,2018-09,0.66666666666666674,3
Hotpoint,2018-10,0.2,5
Hotpoint,2018-11,0.2,5
Hotpoint,2018-12,0.10000000000000002,10
Hotpoint,2019-01,0.7,10
Hotpoint,2019-02,0.14285714285714288,7
Hotpoint,2019-03,0.28571428571428575,7
Hotpoint,2019-04,0.5,8
Hotpoint,2019-05,0.22222222222222227,9
Hotpoint,2019-06,0.33333333333333331,9
Hotpoint,2019-07,0.25,4
Hotpoint,2019-08,0,2
Hotpoint,2019-09,0.4285714285714286,7
Hotpoint,2019-10,0.22222222222222221,9
Hotpoint,2019-11,0.35714285714285715,7
Hotpoint,2019-12,0.85714285714285721,7
Hotpoint,2020-01,0.5,4
Hotpoint,2020-02,0,5
Hotpoint,2020-03,0.25,4
Hotpoint,2020-04,0,2
Hotpoint,2020-05,0,3
Hotpoint,2020-06,0.16666666666666669,6
Hotpoint,2020-07,0.16666666666666669,6
Hotpoint,2020-08,0.25,4
Hotpoint,2020-09,0.2,5
Hotpoint,2020-10,0,1
Hotpoint,2020-11,0.25,4
Hotpoint,2020-12,1,1
Hotpoint,2021-01,0.25,4
Hotpoint,2021-02,0,6
Hotpoint,2021-03,0.2,5
Indesit,2015-01,0,1
Indesit,2015-04,0,1
Indesit,2017-01,0,1
Indesit,2017-02,0,1
Indesit,2017-04,0,2
Indesit,2017-09,1,1
Indesit,2017-10,0,2
Indesit,2017-11,0,1
Indesit,2018-08,1,2
Indesit,2018-09,0,1
Indesit,2018-11,0,1
Indesit,2018-12,0.75,4
Indesit,2019-01,0.5,2
Indesit,2019-02,0.66666666666666663,3
Indesit,2019-03,0.5,4
Indesit,2019-04,0.5,2
Indesit,2019-05,1,2
Indesit,2019-06,0.16666666666666669,3
Indesit,2019-07,1,1
Indesit,2019-08,1,1
Indesit,2019-11,1,2
Indesit,2019-12,0,1
Indesit,2020-01,0.2,5
Indesit,2020-06,1,1
Indesit,2020-07,0.66666666666666663,3
Indesit,2020-08,0.5,2
Indesit,2020-09,0,1
Indesit,2020-11,0,1
Indesit,2021-01,0,2
Indesit,2021-02,1,1
Indesit,2021-03,0.5,2
Installazione,2015-01,0,3
Installazione,2015-02,0,1
Installazione,2015-03,0.33333333333333337,3
Installazione,2015-04,0,2
Installazione,2015-05,0.5,2
Installazione,2015-06,0.25,4
Installazione,2017-01,0.26923076923076922,26
Installazione,2017-02,0,2
Installazione,2017-03,0.125,8
Installazione,2017-04,0,3
Installazione,2017-05,0.5,4
Installazione,2017-06,0.5,4
Installazione,2017-07,0.4,5
Installazione,2017-08,0.0625,8
Installazione,2017-09,0,7
Installazione,2017-10,0.2142857142857143,7
Installazione,2017-11,0,6
Installazione,2017-12,0.16666666666666669,6
Installazione,2018-01,0.083333333333333343,6
Installazione,2018-02,0.25000000000000006,8
Installazione,2018-03,0.25,6
Installazione,2018-04,0.083333333333333343,6
Installazione,2018-05,0.25,10
Installazione,2018-06,0.16666666666666666,9
Installazione,2018-07,0.4,5
Installazione,2018-08,0,6
Installazione,2018-09,0.5,6
Installazione,2018-10,0,4
Installazione,2018-11,0.1,10
Installazione,2018-12,0.055555555555555566,9
Installazione,2019-01,0.14285714285714288,14
Installazione,2019-02,0.22727272727272732,22
Installazione,2019-03,0.34615384615384615,13
Installazione,2019-04,0.15789473684210525,19
Installazione,2019-05,0.21052631578947373,19
Installazione,2019-06,0.15384615384615383,13
Installazione,2019-07,0.38461538461538464,13
Installazione,2019-08,0.25000000000000006,16
Installazione,2019-09,0.53333333333333333,15
Installazione,2019-10,0.225,20
Installazione,2019-11,0.36363636363636359,11
Installazione,2019-12,0.25000000000000006,8
Installazione,2020-01,0.13333333333333333,15
Installazione,2020-02,0.22727272727272732,11
Installazione,2020-03,0.375,4
Installazione,2020-04,0.14285714285714285,7
Installazione,2020-05,0.41176470588235292,17
Installazione,2020-06,0.26315789473684215,19
Installazione,2020-07,0.20588235294117652,17
Installazione,2020-08,0.25000000000000006,6
Installazione,2020-09,0.1875,8
Installazione,2020-10,0,1
Installazione,2020-11,0.41666666666666663,6
Installazione,2020-12,0.5,7
Installazione,2021-01,0.26315789473684215,19
Installazione,2021-02,0.33333333333333331,12
Installazione,2021-03,0.31578947368421056,19
Libretto,2015-01,0,2
Libretto,2015-03,0,2
Libretto,2015-04,0,2
Libretto,2015-05,0.16666666666666669,3
Libretto,2015-06,0.5,2
Libretto,2017-01,0.076923076923076927,13
Libretto,2017-02,0,3
Libretto,2017-03,0,3
Libretto,2017-04,0.33333333333333331,3
Libretto,2017-07,0,1
Libretto,2017-08,0,1
Libretto,2017-09,0,1
Libretto,2017-10,0,2
Libretto,2017-11,0,3
Libretto,2017-12,0,3
Libretto,2018-02,0,1
Libretto,2018-03,0,2
Libretto,2018-04,0,1
Libretto,2018-05,0,2
Libretto,2018-06,0,1
Libretto,2018-07,0,2
Libretto,2018-08,0,1
Libretto,2018-10,0.2,5
Libretto,2018-11,0.16666666666666669,6
Libretto,2018-12,0,1
Libretto,2019-01,0,2
Libretto,2019-02,0.2,5
Libretto,2019-03,0,6
Libretto,2019-04,0.2,5
Libretto,2019-05,0,2
Libretto,2019-06,0.4,5
Libretto,2019-07,0,2
Libretto,2019-08,0.33333333333333331,3
Libretto,2019-09,0.25,4
Libretto,2019-10,0,3
Libretto,2019-12,0,3
Libretto,2020-01,0.071428571428571425,7
Libretto,2020-02,0,3
Libretto,2020-03,0,2
Libretto,2020-04,0,1
Libretto,2020-05,0,1
Libretto,2020-06,0,1
Libretto,2020-07,0,1
Libretto,2020-08,0,6
Libretto,2020-09,1,2
Libretto,2020-11,0,2
Libretto,2020-12,0.2,5
Libretto,2021-01,0.25,6
Libretto,2021-02,0.25,4
Libretto,2021-03,0.25,4
Manuale Prodotto,2015-04,0,2
Manuale Prodotto,2015-05,1,1
Manuale Prodotto,2015-06,0,4
Manuale Prodotto,2017-01,0.10714285714285715,14
Manuale Prodotto,2017-02,0.125,4
Manuale Prodotto,2017-03,0,3
Manuale Prodotto,2017-05,0,4
Manuale Prodotto,2017-07,0.25,2
Manuale Prodotto,2017-10,0,3
Manuale Prodotto,2017-12,0,3
Manuale Prodotto,2018-01,0.66666666666666663,3
Manuale Prodotto,2018-04,0,3
Manuale Prodotto,2018-05,0,3
Manuale Prodotto,2018-08,0.5,1
Manuale Prodotto,2018-09,0,1
Manuale Prodotto,2018-10,0.25,4
Manuale Prodotto,2018-11,0.083333333333333343,6
Manuale Prodotto,2018-12,0.16666666666666666,3
Manuale Prodotto,2019-01,0.125,4
Manuale Prodotto,2019-02,1,2
Manuale Prodotto,2019-03,0.1,5
Manuale Prodotto,2019-04,0,6
Manuale Prodotto,2019-05,0.3,5
Manuale Prodotto,2019-06,0.05000000000000001,10
Manuale Prodotto,2019-07,0,2
Manuale Prodotto,2019-08,0,3
Manuale Prodotto,2019-09,0.16666666666666669,3
Manuale Prodotto,2019-10,0.5,4
Manuale Prodotto,2019-11,0,4
Manuale Prodotto,2020-01,0,3
Manuale Prodotto,2020-03,0,1
Manuale Prodotto,2020-04,0.33333333333333331,9
Manuale Prodotto,2020-06,0.2,5
Manuale Prodotto,2020-07,0.083333333333333343,6
Manuale Prodotto,2020-08,0.5,2
Manuale Prodotto,2020-09,0,2
Manuale Prodotto,2020-11,0.16666666666666666,3
Manuale Prodotto,2020-12,0.14285714285714285,7
Manuale Prodotto,2021-01,0.2,5
Manuale Prodotto,2021-02,0.4285714285714286,7
Manuale Prodotto,2021-03,0.16666666666666669,6
Prezzo Prodotto,2015-01,0,1
Prezzo Prodotto,2015-02,0,3
Prezzo Prodotto,2015-03,0,1
Prezzo Prodotto,2015-04,0,3
Prezzo Prodotto,2015-05,0.125,4
Prezzo Prodotto,2015-06,0.25,2
Prezzo Prodotto,2017-01,0.13043478260869568,46
Prezzo Prodotto,2017-02,0.2,10
Prezzo Prodotto,2017-03,0.18181818181818185,11
Prezzo Prodotto,2017-04,0,6
Prezzo Prodotto,2017-05,0.3125,8
Prezzo Prodotto,2017-06,0.35,10
Prezzo Prodotto,2017-07,0.5714285714285714,7
Prezzo Prodotto,2017-08,0.25,4
Prezzo Prodotto,2017-09,0.33333333333333337,3
Prezzo Prodotto,2017-10,0.14285714285714285,7
Prezzo Prodotto,2017-11,0.0625,8
Prezzo Prodotto,2017-12,0.22222222222222221,9
Prezzo Prodotto,2018-01,0.1818181818181818,11
Prezzo Prodotto,2018-02,0.31818181818181818,11
Prezzo Prodotto,2018-03,0.31818181818181823,11
Prezzo Prodotto,2018-04,0.5,6
Prezzo Prodotto,2018-05,0.4285714285714286,7
Prezzo Prodotto,2018-06,0,1
Prezzo Prodotto,2018-07,0.25000000000000006,8
Prezzo Prodotto,2018-09,0.3,5
Prezzo Prodotto,2018-10,0.35714285714285715,7
Prezzo Prodotto,2018-11,0.1818181818181818,11
Prezzo Prodotto,2018-12,0.37500000000000006,16
Prezzo Prodotto,2019-01,0.18750000000000003,24
Prezzo Prodotto,2019-02,0.368421052631579,19
Prezzo Prodotto,2019-03,0.34782608695652178,23
Prezzo Prodotto,2019-04,0.15789473684210531,19
Prezzo Prodotto,2019-05,0.33999999999999991,25
Prezzo Prodotto,2019-06,0.38235294117647062,17
Prezzo Prodotto,2019-07,0.35294117647058826,17
Prezzo Prodotto,2019-08,0.15625,16
Prezzo Prodotto,2019-09,0.25,16
Prezzo Prodotto,2019-10,0.47222222222222221,18
Prezzo Prodotto,2019-11,0.3888888888888889,18
Prezzo Prodotto,2019-12,0.5357142857142857,14
Prezzo Prodotto,2020-01,0.34210526315789475,19
Prezzo Prodotto,2020-02,0.44444444444444442,18
Prezzo Prodotto,2020-03,0.22222222222222224,9
Prezzo Prodotto,2020-04,0.24999999999999997,12
Prezzo Prodotto,2020-05,0.39285714285714285,14
Prezzo Prodotto,2020-06,0.4375,8
Prezzo Prodotto,2020-07,0.4285714285714286,7
Prezzo Prodotto,2020-08,0,5
Prezzo Prodotto,2020-09,0.49999999999999994,10
Prezzo Prodotto,2020-10,0,1
Prezzo Prodotto,2020-11,0.28571428571428575,7
Prezzo Prodotto,2020-12,0.4,15
Prezzo Prodotto,2021-01,0.29166666666666669,12
Prezzo Prodotto,2021-02,0.16666666666666669,15
Prezzo Prodotto,2021-03,0.42307692307692307,13
Problemi Post Riparazione,2015-01,0,1
Problemi Post Riparazione,2015-03,0,1
Problemi Post Riparazione,2015-04,0,1
Problemi Post Riparazione,2015-05,0,1
Problemi Post Riparazione,2015-06,0,3
Problemi Post Riparazione,2017-01,0,14
Problemi Post Riparazione,2017-02,0.071428571428571425,7
Problemi Post Riparazione,2017-03,0,2
Problemi Post Riparazione,2017-04,0,1
Problemi Post Riparazione,2017-05,0,2
Problemi Post Riparazione,2017-06,0.1,5
Problemi Post Riparazione,2017-07,0,4
Problemi Post Riparazione,2017-08,0,2
Problemi Post Riparazione,2017-09,0,1
Problemi Post Riparazione,2017-10,0,3
Problemi Post Riparazione,2017-11,0.25,4
Problemi Post Riparazione,2017-12,0,3
Problemi Post Riparazione,2018-01,0,1
Problemi Post Riparazione,2018-02,0,4
Problemi Post Riparazione,2018-03,0,2
Problemi Post Riparazione,2018-04,0,3
Problemi Post Riparazione,2018-05,0,5
Problemi Post Riparazione,2018-06,0,2
Problemi Post Riparazione,2018-07,0,4
Problemi Post Riparazione,2018-08,0,4
Problemi Post Riparazione,2018-09,0,2
Problemi Post Riparazione,2018-10,0,5
Problemi Post Riparazione,2018-11,0.2,5
Problemi Post Riparazione,2018-12,0,13
Problemi Post Riparazione,2019-01,0.12500000000000003,8
Problemi Post Riparazione,2019-02,0,9
Problemi Post Riparazione,2019-03,0,8
Problemi Post Riparazione,2019-04,0,4
Problemi Post Riparazione,2019-05,0.055555555555555552,9
Problemi Post Riparazione,2019-06,0.125,4
Problemi Post Riparazione,2019-07,0.099999999999999992,10
Problemi Post Riparazione,2019-08,0,10
Problemi Post Riparazione,2019-09,0,8
Problemi Post Riparazione,2019-10,0,10
Problemi Post Riparazione,2019-11,0.041666666666666671,12
Problemi Post Riparazione,2019-12,0.049999999999999996,10
Problemi Post Riparazione,2020-01,0.13636363636363638,11
Problemi Post Riparazione,2020-02,0,6
Problemi Post Riparazione,2020-03,0,3
Problemi Post Riparazione,2020-04,0,2
Problemi Post Riparazione,2020-05,0.4,5
Problemi Post Riparazione,2020-06,0,4
Problemi Post Riparazione,2020-07,0,6
Problemi Post Riparazione,2020-08,0,1
Problemi Post Riparazione,2020-09,0.5,1
Problemi Post Riparazione,2020-11,0.1,5
Problemi Post Riparazione,2020-12,0,1
Problemi Post Riparazione,2021-01,0,7
Problemi Post Riparazione,2021-02,0,7
Problemi Post Riparazione,2021-03,0,5
Prodotto,2015-01,0.12121212121212124,33
Prodotto,2015-02,0.13636363636363635,22
Prodotto,2015-03,0.1818181818181818,44
Prodotto,2015-04,0.19696969696969696,33
Prodotto,2015-05,0.062500000000000028,32
Prodotto,2015-06,0.15384615384615388,52
Prodotto,2015-07,0.12500000000000003,8
Prodotto,2017-01,0.14324693042291967,733
Prodotto,2017-02,0.0816993464052288,153
Prodotto,2017-03,0.10902255639097751,133
Prodotto,2017-04,0.10087719298245618,114
Prodotto,2017-05,0.12416107382550338,149
Prodotto,2017-06,0.068965517241379337,116
Prodotto,2017-07,0.13679245283018882,106
Prodotto,2017-08,0.090909090909090953,88
Prodotto,2017-09,0.1367924528301887,106
Prodotto,2017-10,0.1442953020134228,149
Prodotto,2017-11,0.12021857923497274,183
Prodotto,2017-12,0.125925925925926,135
Prodotto,2018-01,0.14759036144578314,166
Prodotto,2018-02,0.095744680851063829,141
Prodotto,2018-03,0.12580645161290319,155
Prodotto,2018-04,0.16666666666666655,132
Prodotto,2018-05,0.12146892655367229,177
Prodotto,2018-06,0.17622950819672134,122
Prodotto,2018-07,0.079545454545454586,132
Prodotto,2018-08,0.075892857142857165,112
Prodotto,2018-09,0.069892473118279577,93
Prodotto,2018-10,0.097902097902097918,143
Prodotto,2018-11,0.1254416961130741,283
Prodotto,2018-12,0.0922865013774105,363
Prodotto,2019-01,0.13215258855585829,367
Prodotto,2019-02,0.0899532710280374,428
Prodotto,2019-03,0.1272455089820359,334
Prodotto,2019-04,0.13398692810457513,306
Prodotto,2019-05,0.15448504983388708,301
Prodotto,2019-06,0.12408759124087602,274
Prodotto,2019-07,0.12639405204460971,269
Prodotto,2019-08,0.10629921259842522,254
Prodotto,2019-09,0.12678571428571431,280
Prodotto,2019-10,0.11602209944751381,362
Prodotto,2019-11,0.14759036144578319,332
Prodotto,2019-12,0.12499999999999994,300
Prodotto,2020-01,0.10584958217270195,359
Prodotto,2020-02,0.145973154362416,298
Prodotto,2020-03,0.1098484848484849,132
Prodotto,2020-04,0.16896551724137923,145
Prodotto,2020-05,0.12910798122065736,213
Prodotto,2020-06,0.10144927536231886,207
Prodotto,2020-07,0.12804878048780502,246
Prodotto,2020-08,0.10285714285714287,175
Prodotto,2020-09,0.12820512820512819,195
Prodotto,2020-10,0,10
Prodotto,2020-11,0.10393258426966291,178
Prodotto,2020-12,0.132183908045977,174
Prodotto,2021-01,0.10754716981132076,265
Prodotto,2021-02,0.11842105263157893,266
Prodotto,2021-03,0.17937219730941709,223
Qualità Assistenza,2015-01,0.20588235294117652,17
Qualità Assistenza,2015-02,0.3043478260869566,23
Qualità Assistenza,2015-03,0.17741935483870966,31
Qualità Assistenza,2015-04,0.20454545454545459,22
Qualità Assistenza,2015-05,0.22727272727272727,33
Qualità Assistenza,2015-06,0.31578947368421056,38
Qualità Assistenza,2015-07,0.75,4
Qualità Assistenza,2017-01,0.24109014675052431,477
Qualità Assistenza,2017-02,0.18224299065420563,107
Qualità Assistenza,2017-03,0.22580645161290328,93
Qualità Assistenza,2017-04,0.23125000000000004,80
Qualità Assistenza,2017-05,0.32142857142857134,112
Qualità Assistenza,2017-06,0.25263157894736843,95
Qualità Assistenza,2017-07,0.43902439024390266,82
Qualità Assistenza,2017-08,0.30851063829787234,47
Qualità Assistenza,2017-09,0.33333333333333337,69
Qualità Assistenza,2017-10,0.26923076923076938,91
Qualità Assistenza,2017-11,0.29716981132075476,106
Qualità Assistenza,2017-12,0.25925925925925924,108
Qualità Assistenza,2018-01,0.35204081632653061,98
Qualità Assistenza,2018-02,0.25824175824175805,91
Qualità Assistenza,2018-03,0.32568807339449524,109
Qualità Assistenza,2018-04,0.32352941176470595,68
Qualità Assistenza,2018-05,0.38172043010752688,93
Qualità Assistenza,2018-06,0.30921052631578955,76
Qualità Assistenza,2018-07,0.31547619047619047,84
Qualità Assistenza,2018-08,0.28431372549019607,51
Qualità Assistenza,2018-09,0.36170212765957444,47
Qualità Assistenza,2018-10,0.39999999999999997,70
Qualità Assistenza,2018-11,0.22222222222222227,144
Qualità Assistenza,2018-12,0.34285714285714286,210
Qualità Assistenza,2019-01,0.35194174757281571,206
Qualità Assistenza,2019-02,0.31111111111111117,225
Qualità Assistenza,2019-03,0.32402234636871496,179
Qualità Assistenza,2019-04,0.30065359477124176,153
Qualità Assistenza,2019-05,0.32526881720430084,186
Qualità Assistenza,2019-06,0.31884057971014473,138
Qualità Assistenza,2019-07,0.33214285714285718,140
Qualità Assistenza,2019-08,0.43388429752066121,121
Qualità Assistenza,2019-09,0.296,125
Qualità Assistenza,2019-10,0.35340314136125672,191
Qualità Assistenza,2019-11,0.3626943005181345,193
Qualità Assistenza,2019-12,0.33823529411764713,170
Qualità Assistenza,2020-01,0.32417582417582419,182
Qualità Assistenza,2020-02,0.3642384105960263,151
Qualità Assistenza,2020-03,0.30158730158730157,63
Qualità Assistenza,2020-04,0.39873417721518989,79
Qualità Assistenza,2020-05,0.41176470588235303,85
Qualità Assistenza,2020-06,0.3492063492063493,126
Qualità Assistenza,2020-07,0.31923076923076932,130
Qualità Assistenza,2020-08,0.24590163934426224,61
Qualità Assistenza,2020-09,0.34051724137931022,116
Qualità Assistenza,2020-10,0.375,8
Qualità Assistenza,2020-11,0.3520408163265305,98
Qualità Assistenza,2020-12,0.33467741935483858,124
Qualità Assistenza,2021-01,0.49797570850202416,247
Qualità Assistenza,2021-02,0.6598465473145777,391
Qualità Assistenza,2021-03,0.7518987341772152,395
Qualità Elettronica,2015-01,0.066666666666666666,15
Qualità Elettronica,2015-02,0.062500000000000014,16
Qualità Elettronica,2015-03,0.12500000000000003,16
Qualità Elettronica,2015-04,0.055555555555555552,9
Qualità Elettronica,2015-05,0,7
Qualità Elettronica,2015-06,0.062500000000000014,16
Qualità Elettronica,2017-01,0.15384615384615385,13
Qualità Elettronica,2017-02,0.33333333333333337,3
Qualità Elettronica,2017-03,0.33333333333333337,3
Qualità Elettronica,2017-04,0,1
Qualità Elettronica,2017-05,0,2
Qualità Elettronica,2017-07,0,3
Qualità Elettronica,2017-08,0,4
Qualità Elettronica,2017-09,0,1
Qualità Elettronica,2017-10,0,1
Qualità Elettronica,2017-11,0,1
Qualità Elettronica,2018-02,0.33333333333333337,3
Qualità Elettronica,2018-03,0,2
Qualità Elettronica,2018-04,0,2
Qualità Elettronica,2018-06,0,3
Qualità Elettronica,2018-07,0.25,4
Qualità Elettronica,2018-08,0,1
Qualità Elettronica,2018-09,0,1
Qualità Elettronica,2018-10,0,1
Qualità Elettronica,2018-11,0.125,8
Qualità Elettronica,2018-12,0,4
Qualità Elettronica,2019-01,0,6
Qualità Elettronica,2019-02,0.22222222222222221,9
Qualità Elettronica,2019-04,0,4
Qualità Elettronica,2019-05,0.12500000000000003,8
Qualità Elettronica,2019-06,0.5,2
Qualità Elettronica,2019-07,0.5,2
Qualità Elettronica,2019-08,0,3
Qualità Elettronica,2019-09,0.3,5
Qualità Elettronica,2019-10,0,4
Qualità Elettronica,2019-11,0,3
Qualità Elettronica,2019-12,0,4
Qualità Elettronica,2020-01,0,6
Qualità Elettronica,2020-02,0.25,4
Qualità Elettronica,2020-03,0,1
Qualità Elettronica,2020-05,0,2
Qualità Elettronica,2020-06,0,2
Qualità Elettronica,2020-07,0.4285714285714286,7
Qualità Elettronica,2020-08,0,5
Qualità Elettronica,2020-09,0.33333333333333337,3
Qualità Elettronica,2020-11,0,3
Qualità Elettronica,2020-12,0,4
Qualità Elettronica,2021-01,0,3
Qualità Elettronica,2021-02,0,4
Qualità Elettronica,2021-03,0,2
Qualità Materiali,2015-01,0.23076923076923075,39
Qualità Materiali,2015-02,0.17045454545454547,44
Qualità Materiali,2015-03,0.14130434782608697,46
Qualità Materiali,2015-04,0.034883720930232565,43
Qualità Materiali,2015-05,0.10000000000000003,50
Qualità Materiali,2015-06,0.087499999999999981,40
Qualità Materiali,2015-07,0,4
Qualità Materiali,2017-01,0.069943289224952784,529
Qualità Materiali,2017-02,0.055555555555555594,144
Qualità Materiali,2017-03,0.029850746268656716,134
Qualità Materiali,2017-04,0.060240963855421673,83
Qualità Materiali,2017-05,0.053719008264462804,121
Qualità Materiali,2017-06,0.027522935779816519,109
Qualità Materiali,2017-07,0.052631578947368418,76
Qualità Materiali,2017-08,0.064285714285714279,70
Qualità Materiali,2017-09,0.017045454545454544,88
Qualità Materiali,2017-10,0.10747663551401872,107
Qualità Materiali,2017-11,0.056521739130434796,115
Qualità Materiali,2017-12,0.089473684210526344,95
Qualità Materiali,2018-01,0.073913043478260845,115
Qualità Materiali,2018-02,0.057291666666666664,96
Qualità Materiali,2018-03,0.019379844961240313,129
Qualità Materiali,2018-04,0.08173076923076926,104
Qualità Materiali,2018-05,0.030075187969924817,133
Qualità Materiali,2018-06,0.061904761904761921,105
Qualità Materiali,2018-07,0.035398230088495561,113
Qualità Materiali,2018-08,0.037313432835820892,67
Qualità Materiali,2018-09,0.025,80
Qualità Materiali,2018-10,0.084158415841584164,101
Qualità Materiali,2018-11,0.053097345132743362,226
Qualità Materiali,2018-12,0.056818181818181837,264
Qualità Materiali,2019-01,0.06055363321799305,289
Qualità Materiali,2019-02,0.046232876712328765,292
Qualità Materiali,2019-03,0.046692607003891058,257
Qualità Materiali,2019-04,0.05577689243027889,251
Qualità Materiali,2019-05,0.088636363636363583,220
Qualità Materiali,2019-06,0.08258928571428574,224
Qualità Materiali,2019-07,0.063414634146341423,205
Qualità Materiali,2019-08,0.038216560509554166,157
Qualità Materiali,2019-09,0.056179775280898889,178
Qualità Materiali,2019-10,0.071153846153846179,260
Qualità Materiali,2019-11,0.055147058823529424,272
Qualità Materiali,2019-12,0.074162679425837319,209
Qualità Materiali,2020-01,0.037453183520599231,267
Qualità Materiali,2020-02,0.0783898305084746,236
Qualità Materiali,2020-03,0.1212121212121212,99
Qualità Materiali,2020-04,0.125,80
Qualità Materiali,2020-05,0.0944055944055944,143
Qualità Materiali,2020-06,0.09398496240601506,133
Qualità Materiali,2020-07,0.047738693467336689,199
Qualità Materiali,2020-08,0.055555555555555573,108
Qualità Materiali,2020-09,0.087349397590361477,166
Qualità Materiali,2020-10,0.076923076923076927,13
Qualità Materiali,2020-11,0.13309352517985612,139
Qualità Materiali,2020-12,0.063636363636363644,165
Qualità Materiali,2021-01,0.062176165803108807,193
Qualità Materiali,2021-02,0.11111111111111115,252
Qualità Materiali,2021-03,0.12288135593220341,236
Qualità Prodotto,2015-01,0.1111111111111111,9
Qualità Prodotto,2015-02,0,6
Qualità Prodotto,2015-03,0.11111111111111113,18
Qualità Prodotto,2015-04,0.31250000000000006,16
Qualità Prodotto,2015-05,0.12500000000000003,16
Qualità Prodotto,2015-06,0.027777777777777776,18
Qualità Prodotto,2015-07,1,1
Qualità Prodotto,2017-01,0.20683453237410077,278
Qualità Prodotto,2017-02,0.21296296296296297,54
Qualità Prodotto,2017-03,0.15277777777777776,72
Qualità Prodotto,2017-04,0.13461538461538461,52
Qualità Prodotto,2017-05,0.18181818181818177,44
Qualità Prodotto,2017-06,0.1759259259259259,54
Qualità Prodotto,2017-07,0.27777777777777779,36
Qualità Prodotto,2017-08,0.2,25
Qualità Prodotto,2017-09,0.16666666666666669,39
Qualità Prodotto,2017-10,0.24324324324324328,37
Qualità Prodotto,2017-11,0.21874999999999997,48
Qualità Prodotto,2017-12,0.25000000000000006,64
Qualità Prodotto,2018-01,0.18750000000000006,64
Qualità Prodotto,2018-02,0.2109375,64
Qualità Prodotto,2018-03,0.20689655172413796,58
Qualità Prodotto,2018-04,0.11428571428571428,35
Qualità Prodotto,2018-05,0.27659574468085107,47
Qualità Prodotto,2018-06,0.22222222222222218,45
Qualità Prodotto,2018-07,0.16666666666666669,45
Qualità Prodotto,2018-08,0.2580645161290322,31
Qualità Prodotto,2018-09,0.27777777777777779,27
Qualità Prodotto,2018-10,0.23170731707317069,41
Qualità Prodotto,2018-11,0.17647058823529418,102
Qualità Prodotto,2018-12,0.23140495867768604,121
Qualità Prodotto,2019-01,0.24844720496894421,161
Qualità Prodotto,2019-02,0.25170068027210885,147
Qualità Prodotto,2019-03,0.23913043478260884,138
Qualità Prodotto,2019-04,0.15873015873015875,126
Qualità Prodotto,2019-05,0.19834710743801662,121
Qualità Prodotto,2019-06,0.27830188679245282,106
Qualità Prodotto,2019-07,0.20202020202020202,99
Qualità Prodotto,2019-08,0.30000000000000016,95
Qualità Prodotto,2019-09,0.22043010752688172,93
Qualità Prodotto,2019-10,0.28017241379310337,116
Qualità Prodotto,2019-11,0.23893805309734514,113
Qualità Prodotto,2019-12,0.22131147540983614,122
Qualità Prodotto,2020-01,0.22101449275362323,138
Qualità Prodotto,2020-02,0.27343749999999989,128
Qualità Prodotto,2020-03,0.26000000000000006,50
Qualità Prodotto,2020-04,0.40697674418604657,43
Qualità Prodotto,2020-05,0.23239436619718315,71
Qualità Prodotto,2020-06,0.16666666666666674,81
Qualità Prodotto,2020-07,0.16463414634146339,82
Qualità Prodotto,2020-08,0.1428571428571429,49
Qualità Prodotto,2020-09,0.27205882352941174,68
Qualità Prodotto,2020-10,0.2,5
Qualità Prodotto,2020-11,0.17692307692307693,65
Qualità Prodotto,2020-12,0.26582278481012656,79
Qualità Prodotto,2021-01,0.16666666666666669,120
Qualità Prodotto,2021-02,0.276923076923077,130
Qualità Prodotto,2021-03,0.21167883211678834,137
Qualità Riparazione,2015-02,0,1
Qualità Riparazione,2015-03,0,2
Qualità Riparazione,2015-04,0.5,3
Qualità Riparazione,2015-05,1,2
Qualità Riparazione,2015-06,0.625,4
Qualità Riparazione,2017-01,0.44680851063829791,47
Qualità Riparazione,2017-02,0.4375,8
Qualità Riparazione,2017-03,0.27777777777777779,9
Qualità Riparazione,2017-04,0.44444444444444442,9
Qualità Riparazione,2017-05,0.42105263157894735,19
Qualità Riparazione,2017-06,0.35714285714285715,7
Qualità Riparazione,2017-07,0.45454545454545459,11
Qualità Riparazione,2017-08,0.44444444444444442,9
Qualità Riparazione,2017-09,1,9
Qualità Riparazione,2017-10,0.22727272727272727,11
Qualità Riparazione,2017-11,0.7,10
Qualità Riparazione,2017-12,0.42857142857142855,14
Qualità Riparazione,2018-01,0.4642857142857143,14
Qualità Riparazione,2018-02,0.31818181818181818,11
Qualità Riparazione,2018-03,0.58333333333333337,18
Qualità Riparazione,2018-04,0.5625,8
Qualità Riparazione,2018-05,0.5,9
Qualità Riparazione,2018-06,0.5,10
Qualità Riparazione,2018-07,0.57692307692307687,13
Qualità Riparazione,2018-08,0.43749999999999994,8
Qualità Riparazione,2018-09,0.4,5
Qualità Riparazione,2018-10,0.45833333333333331,12
Qualità Riparazione,2018-11,0.58823529411764708,17
Qualità Riparazione,2018-12,0.62499999999999989,36
Qualità Riparazione,2019-01,0.46666666666666667,30
Qualità Riparazione,2019-02,0.59523809523809512,42
Qualità Riparazione,2019-03,0.72222222222222232,18
Qualità Riparazione,2019-04,0.6875,16
Qualità Riparazione,2019-05,0.72500000000000009,20
Qualità Riparazione,2019-06,0.68421052631578949,19
Qualità Riparazione,2019-07,0.857142857142857,21
Qualità Riparazione,2019-08,0.6000000000000002,20
Qualità Riparazione,2019-09,0.64285714285714279,14
Qualità Riparazione,2019-10,0.525,20
Qualità Riparazione,2019-11,0.50000000000000011,22
Qualità Riparazione,2019-12,0.50000000000000011,25
Qualità Riparazione,2020-01,0.33333333333333337,24
Qualità Riparazione,2020-02,0.475,20
Qualità Riparazione,2020-03,0.61111111111111116,9
Qualità Riparazione,2020-04,0.41666666666666669,12
Qualità Riparazione,2020-05,0.55769230769230771,26
Qualità Riparazione,2020-06,0.7407407407407407,27
Qualità Riparazione,2020-07,0.63157894736842113,19
Qualità Riparazione,2020-08,0.63636363636363635,11
Qualità Riparazione,2020-09,0.77777777777777779,9
Qualità Riparazione,2020-10,1,1
Qualità Riparazione,2020-11,0.7142857142857143,21
Qualità Riparazione,2020-12,0.58823529411764708,17
Qualità Riparazione,2021-01,0.73717948717948711,78
Qualità Riparazione,2021-02,0.75490196078431371,153
Qualità Riparazione,2021-03,0.78289473684210553,152
Qualità Rumore,2015-01,0,5
Qualità Rumore,2015-02,0,2
Qualità Rumore,2015-03,0,3
Qualità Rumore,2015-04,0,3
Qualità Rumore,2015-06,0,3
Qualità Rumore,2017-01,0.0098039215686274491,51
Qualità Rumore,2017-02,0.15384615384615385,13
Qualità Rumore,2017-03,0.19444444444444442,18
Qualità Rumore,2017-04,0,7
Qualità Rumore,2017-05,0,11
Qualità Rumore,2017-06,0,11
Qualità Rumore,2017-07,0,11
Qualità Rumore,2017-08,0,7
Qualità Rumore,2017-09,0.11111111111111113,9
Qualità Rumore,2017-10,0.2,10
Qualità Rumore,2017-11,0.076923076923076913,13
Qualità Rumore,2017-12,0.083333333333333329,12
Qualità Rumore,2018-01,0,8
Qualità Rumore,2018-02,0,13
Qualità Rumore,2018-03,0,13
Qualità Rumore,2018-04,0,10
Qualità Rumore,2018-05,0,11
Qualità Rumore,2018-06,0,4
Qualità Rumore,2018-07,0,10
Qualità Rumore,2018-08,0,5
Qualità Rumore,2018-09,0,4
Qualità Rumore,2018-10,0,9
Qualità Rumore,2018-11,0,21
Qualità Rumore,2018-12,0.029411764705882359,17
Qualità Rumore,2019-01,0,23
Qualità Rumore,2019-02,0.030303030303030304,33
Qualità Rumore,2019-03,0,20
Qualità Rumore,2019-04,0.10714285714285714,28
Qualità Rumore,2019-05,0.080000000000000016,25
Qualità Rumore,2019-06,0.15384615384615383,13
Qualità Rumore,2019-07,0.13043478260869565,23
Qualità Rumore,2019-08,0,11
Qualità Rumore,2019-09,0.090909090909090925,11
Qualità Rumore,2019-10,0.043478260869565209,23
Qualità Rumore,2019-11,0.15625,32
Qualità Rumore,2019-12,0.020000000000000004,25
Qualità Rumore,2020-01,0.033333333333333333,30
Qualità Rumore,2020-02,0,19
Qualità Rumore,2020-03,0.041666666666666671,12
Qualità Rumore,2020-04,0,11
Qualità Rumore,2020-05,0,14
Qualità Rumore,2020-06,0.175,20
Qualità Rumore,2020-07,0.25,6
Qualità Rumore,2020-08,0,14
Qualità Rumore,2020-09,0.071428571428571425,14
Qualità Rumore,2020-11,0.14285714285714288,14
Qualità Rumore,2020-12,0,18
Qualità Rumore,2021-01,0.076923076923076913,13
Qualità Rumore,2021-02,0.05000000000000001,20
Qualità Rumore,2021-03,0,19
Reputation,2015-01,0,2
Reputation,2015-03,0,1
Reputation,2015-06,0.5,1
Reputation,2017-01,0,4
Reputation,2017-09,0,1
Reputation,2017-10,0,1
Reputation,2018-01,0,1
Reputation,2018-03,0,1
Reputation,2018-05,0,1
Reputation,2018-09,1,1
Reputation,2018-10,0,3
Reputation,2018-12,0,2
Reputation,2019-04,0,2
Reputation,2019-05,0,2
Reputation,2019-07,1,1
Reputation,2019-08,1,1
Reputation,2019-09,0,1
Reputation,2019-10,0,2
Reputation,2019-11,0,1
Reputation,2020-02,0,1
Reputation,2020-03,0,1
Reputation,2020-04,0,2
Reputation,2020-08,1,1
Reputation,2020-11,0.5,2
Reputation,2020-12,0,1
Reputation,2021-01,0.25,4
Reputation,2021-02,0.33333333333333337,3
Reputation,2021-03,0.5,2
Rivenditore,2015-03,0.16666666666666669,3
Rivenditore,2015-04,0.16666666666666669,3
Rivenditore,2015-05,0,2
Rivenditore,2015-06,1,1
Rivenditore,2015-07,1,1
Rivenditore,2017-01,0.125,24
Rivenditore,2017-02,0,5
Rivenditore,2017-03,0.16666666666666669,6
Rivenditore,2017-04,0.2,5
Rivenditore,2017-05,0,3
Rivenditore,2017-06,0.33333333333333337,3
Rivenditore,2017-07,0.22222222222222221,9
Rivenditore,2017-08,0,7
Rivenditore,2017-09,0,9
Rivenditore,2017-10,0.125,4
Rivenditore,2017-11,0.31250000000000006,8
Rivenditore,2017-12,0,4
Rivenditore,2018-01,0.16666666666666669,9
Rivenditore,2018-02,0.2142857142857143,7
Rivenditore,2018-03,0,5
Rivenditore,2018-04,0,2
Rivenditore,2018-05,0.062500000000000014,8
Rivenditore,2018-07,0.25,6
Rivenditore,2018-08,0.375,4
Rivenditore,2018-10,0.1,5
Rivenditore,2018-11,0.2142857142857143,7
Rivenditore,2018-12,0.2857142857142857,14
Rivenditore,2019-01,0.11764705882352941,17
Rivenditore,2019-02,0.2142857142857143,21
Rivenditore,2019-03,0.16666666666666666,15
Rivenditore,2019-04,0.33333333333333331,9
Rivenditore,2019-05,0.19999999999999998,15
Rivenditore,2019-06,0.33333333333333331,12
Rivenditore,2019-07,0.21428571428571425,14
Rivenditore,2019-08,0.10000000000000002,15
Rivenditore,2019-09,0.44999999999999996,10
Rivenditore,2019-10,0.25,10
Rivenditore,2019-11,0.38461538461538458,13
Rivenditore,2019-12,0.20588235294117646,17
Rivenditore,2020-01,0.15,10
Rivenditore,2020-02,0.17857142857142858,14
Rivenditore,2020-03,0.3125,8
Rivenditore,2020-04,0.25,2
Rivenditore,2020-05,0.25000000000000006,6
Rivenditore,2020-06,0.20833333333333331,12
Rivenditore,2020-07,0.038461538461538464,13
Rivenditore,2020-08,0.125,8
Rivenditore,2020-09,0.13333333333333336,15
Rivenditore,2020-11,0.19999999999999998,10
Rivenditore,2020-12,1,1
Rivenditore,2021-01,0,5
Rivenditore,2021-02,0.16666666666666666,9
Rivenditore,2021-03,0.33333333333333331,3
Servizio Reclami,2017-01,0,14
Servizio Reclami,2017-02,0,3
Servizio Reclami,2017-03,0,4
Servizio Reclami,2017-04,0,4
Servizio Reclami,2017-06,0,3
Servizio Reclami,2017-07,0,5
Servizio Reclami,2017-09,0,2
Servizio Reclami,2017-10,0,2
Servizio Reclami,2017-11,0,3
Servizio Reclami,2017-12,0.16666666666666666,9
Servizio Reclami,2018-01,0.1,5
Servizio Reclami,2018-02,0,5
Servizio Reclami,2018-03,0,2
Servizio Reclami,2018-04,0,5
Servizio Reclami,2018-05,0,2
Servizio Reclami,2018-06,0,3
Servizio Reclami,2018-07,0.25,2
Servizio Reclami,2018-10,0.25,2
Servizio Reclami,2018-11,0,3
Servizio Reclami,2018-12,0.16666666666666669,6
Servizio Reclami,2019-01,0,3
Servizio Reclami,2019-02,0,8
Servizio Reclami,2019-03,0,4
Servizio Reclami,2019-04,0,7
Servizio Reclami,2019-05,0.2,5
Servizio Reclami,2019-06,0,2
Servizio Reclami,2019-07,0,1
Servizio Reclami,2019-08,0,3
Servizio Reclami,2019-09,0,3
Servizio Reclami,2019-10,0,3
Servizio Reclami,2019-11,0,4
Servizio Reclami,2019-12,0.071428571428571425,7
Servizio Reclami,2020-01,0,6
Servizio Reclami,2020-02,0,2
Servizio Reclami,2020-03,0,2
Servizio Reclami,2020-05,0,4
Servizio Reclami,2020-06,0,3
Servizio Reclami,2020-07,0,2
Servizio Reclami,2020-08,0,2
Servizio Reclami,2020-09,0,6
Servizio Reclami,2020-11,0,5
Servizio Reclami,2020-12,0.125,8
Servizio Reclami,2021-01,0,6
Servizio Reclami,2021-02,0.25000000000000006,8
Servizio Reclami,2021-03,0,5
Smaltimento,2015-04,0,1
Smaltimento,2015-05,0,1
Smaltimento,2017-01,0.071428571428571438,7
Smaltimento,2017-02,0.33333333333333331,3
Smaltimento,2017-03,0,2
Smaltimento,2017-04,0,1
Smaltimento,2017-06,0,1
Smaltimento,2017-07,0,2
Smaltimento,2017-08,0.33333333333333337,3
Smaltimento,2017-12,0,1
Smaltimento,2018-01,0,1
Smaltimento,2018-02,0,1
Smaltimento,2018-04,0,1
Smaltimento,2018-07,0,1
Smaltimento,2018-08,0,1
Smaltimento,2018-10,0,1
Smaltimento,2018-11,0,4
Smaltimento,2018-12,0,4
Smaltimento,2019-01,0,2
Smaltimento,2019-02,0,1
Smaltimento,2019-03,0.33333333333333331,3
Smaltimento,2019-04,0.5,2
Smaltimento,2019-05,0,2
Smaltimento,2019-06,0,2
Smaltimento,2019-07,0,1
Smaltimento,2019-08,0.125,4
Smaltimento,2019-09,0,1
Smaltimento,2019-10,0,4
Smaltimento,2019-11,0,5
Smaltimento,2019-12,0,2
Smaltimento,2020-01,0,1
Smaltimento,2020-02,0,3
Smaltimento,2020-03,0,1
Smaltimento,2020-04,0,1
Smaltimento,2020-05,0,4
Smaltimento,2020-06,0.33333333333333337,3
Smaltimento,2020-07,1,2
Smaltimento,2020-09,0.16666666666666669,6
Smaltimento,2020-11,0,1
Smaltimento,2020-12,0,4
Smaltimento,2021-01,0,4
Smaltimento,2021-02,0.375,4
Smaltimento,2021-03,0.16666666666666669,3
Spedizione,2015-01,0,2
Spedizione,2015-03,1,1
Spedizione,2015-06,0.5,2
Spedizione,2015-07,0,1
Spedizione,2017-01,0.14000000000000004,25
Spedizione,2017-02,0,2
Spedizione,2017-03,0.33333333333333331,3
Spedizione,2017-04,0.083333333333333329,6
Spedizione,2017-05,0.1,5
Spedizione,2017-06,0.5,1
Spedizione,2017-07,0.16666666666666666,3
Spedizione,2017-08,0,3
Spedizione,2017-09,0,4
Spedizione,2017-10,0.3,5
Spedizione,2017-11,0.1,5
Spedizione,2017-12,0.16666666666666669,3
Spedizione,2018-01,0.1,5
Spedizione,2018-02,0,1
Spedizione,2018-05,0.33333333333333337,3
Spedizione,2018-07,0.5,1
Spedizione,2018-08,0,3
Spedizione,2018-09,0.16666666666666669,6
Spedizione,2018-10,0.5,3
Spedizione,2018-11,0.21428571428571427,7
Spedizione,2018-12,0.66666666666666663,3
Spedizione,2019-01,0.14285714285714288,7
Spedizione,2019-02,0,9
Spedizione,2019-03,0.25,8
Spedizione,2019-04,0.083333333333333343,6
Spedizione,2019-05,0,4
Spedizione,2019-06,0.14285714285714285,7
Spedizione,2019-07,0.75,4
Spedizione,2019-08,0,3
Spedizione,2019-09,0,2
Spedizione,2019-10,0.125,4
Spedizione,2019-11,0.41666666666666669,6
Spedizione,2019-12,0.35714285714285715,7
Spedizione,2020-01,0.1,5
Spedizione,2020-02,0.33333333333333331,6
Spedizione,2020-03,1,3
Spedizione,2020-04,0.3,5
Spedizione,2020-05,0.5,3
Spedizione,2020-06,0.125,4
Spedizione,2020-07,0.12500000000000003,8
Spedizione,2020-08,0,2
Spedizione,2020-09,0,7
Spedizione,2020-11,1,3
Spedizione,2020-12,0.19999999999999998,10
Spedizione,2021-01,0.16666666666666669,6
Spedizione,2021-02,0.19999999999999998,10
Spedizione,2021-03,0.22727272727272727,11
Spedizione Pezzi di Ricambio,2015-01,0,1
Spedizione Pezzi di Ricambio,2015-03,0,2
Spedizione Pezzi di Ricambio,2015-04,0,2
Spedizione Pezzi di Ricambio,2015-05,0.16666666666666666,3
Spedizione Pezzi di Ricambio,2015-06,0.25,2
Spedizione Pezzi di Ricambio,2015-07,0,1
Spedizione Pezzi di Ricambio,2017-01,0.078125000000000028,32
Spedizione Pezzi di Ricambio,2017-02,0,13
Spedizione Pezzi di Ricambio,2017-03,0.19230769230769235,13
Spedizione Pezzi di Ricambio,2017-04,0,5
Spedizione Pezzi di Ricambio,2017-05,0.21875000000000006,16
Spedizione Pezzi di Ricambio,2017-06,0.06666666666666668,15
Spedizione Pezzi di Ricambio,2017-07,0,5
Spedizione Pezzi di Ricambio,2017-08,0.0625,8
Spedizione Pezzi di Ricambio,2017-09,0,7
Spedizione Pezzi di Ricambio,2017-10,0.22222222222222227,9
Spedizione Pezzi di Ricambio,2017-11,0,11
Spedizione Pezzi di Ricambio,2017-12,0,9
Spedizione Pezzi di Ricambio,2018-01,0.25,16
Spedizione Pezzi di Ricambio,2018-02,0,12
Spedizione Pezzi di Ricambio,2018-03,0.05,10
Spedizione Pezzi di Ricambio,2018-04,0.33333333333333331,6
Spedizione Pezzi di Ricambio,2018-05,0.125,8
Spedizione Pezzi di Ricambio,2018-06,0.125,8
Spedizione Pezzi di Ricambio,2018-07,0.055555555555555566,9
Spedizione Pezzi di Ricambio,2018-08,0,5
Spedizione Pezzi di Ricambio,2018-09,0,2
Spedizione Pezzi di Ricambio,2018-10,0,6
Spedizione Pezzi di Ricambio,2018-11,0,13
Spedizione Pezzi di Ricambio,2018-12,0.15384615384615385,13
Spedizione Pezzi di Ricambio,2019-01,0.045454545454545463,22
Spedizione Pezzi di Ricambio,2019-02,0.060000000000000012,25
Spedizione Pezzi di Ricambio,2019-03,0.17857142857142855,14
Spedizione Pezzi di Ricambio,2019-04,0,6
Spedizione Pezzi di Ricambio,2019-05,0,12
Spedizione Pezzi di Ricambio,2019-06,0.055555555555555566,9
Spedizione Pezzi di Ricambio,2019-07,0.14285714285714285,14
Spedizione Pezzi di Ricambio,2019-08,0.16666666666666669,12
Spedizione Pezzi di Ricambio,2019-09,0.15,20
Spedizione Pezzi di Ricambio,2019-10,0.06666666666666668,15
Spedizione Pezzi di Ricambio,2019-11,0,16
Spedizione Pezzi di Ricambio,2019-12,0.076923076923076913,13
Spedizione Pezzi di Ricambio,2020-01,0.06,25
Spedizione Pezzi di Ricambio,2020-02,0.16666666666666666,9
Spedizione Pezzi di Ricambio,2020-03,0.4,5
Spedizione Pezzi di Ricambio,2020-04,0.5,4
Spedizione Pezzi di Ricambio,2020-05,0.041666666666666671,12
Spedizione Pezzi di Ricambio,2020-06,0.035714285714285719,14
Spedizione Pezzi di Ricambio,2020-07,0.071428571428571411,14
Spedizione Pezzi di Ricambio,2020-08,0.16666666666666666,9
Spedizione Pezzi di Ricambio,2020-09,0.0625,8
Spedizione Pezzi di Ricambio,2020-11,0.35714285714285715,7
Spedizione Pezzi di Ricambio,2020-12,0,15
Spedizione Pezzi di Ricambio,2021-01,0.17857142857142855,28
Spedizione Pezzi di Ricambio,2021-02,0.21428571428571433,28
Spedizione Pezzi di Ricambio,2021-03,0.05000000000000001,20
Tecnico,2015-01,0.16129032258064518,31
Tecnico,2015-02,0.15,40
Tecnico,2015-03,0.13725490196078433,51
Tecnico,2015-04,0.27500000000000008,40
Tecnico,2015-05,0.27358490566037741,53
Tecnico,2015-06,0.27272727272727271,33
Tecnico,2015-07,0,7
Tecnico,2017-01,0.20402684563758378,745
Tecnico,2017-02,0.15432098765432092,162
Tecnico,2017-03,0.19325153374233137,163
Tecnico,2017-04,0.26136363636363663,132
Tecnico,2017-05,0.23972602739726037,146
Tecnico,2017-06,0.35766423357664212,137
Tecnico,2017-07,0.26190476190476203,126
Tecnico,2017-08,0.24444444444444444,90
Tecnico,2017-09,0.30681818181818193,132
Tecnico,2017-10,0.321656050955414,157
Tecnico,2017-11,0.21084337349397592,166
Tecnico,2017-12,0.23235294117647054,170
Tecnico,2018-01,0.32702702702702724,185
Tecnico,2018-02,0.30882352941176461,170
Tecnico,2018-03,0.33040935672514615,171
Tecnico,2018-04,0.2431192660550458,109
Tecnico,2018-05,0.288135593220339,177
Tecnico,2018-06,0.26258992805755405,139
Tecnico,2018-07,0.35000000000000003,140
Tecnico,2018-08,0.22807017543859648,114
Tecnico,2018-09,0.25,66
Tecnico,2018-10,0.24999999999999994,146
Tecnico,2018-11,0.28956834532374115,278
Tecnico,2018-12,0.30933333333333318,375
Tecnico,2019-01,0.26395939086294407,394
Tecnico,2019-02,0.2809278350515465,388
Tecnico,2019-03,0.28737541528239213,301
Tecnico,2019-04,0.35618729096989971,299
Tecnico,2019-05,0.32153392330383446,339
Tecnico,2019-06,0.36666666666666681,255
Tecnico,2019-07,0.26765799256505557,269
Tecnico,2019-08,0.30492424242424232,264
Tecnico,2019-09,0.35521235521235522,259
Tecnico,2019-10,0.30635838150288996,346
Tecnico,2019-11,0.28981723237597912,383
Tecnico,2019-12,0.33870967741935504,310
Tecnico,2020-01,0.31424581005586594,358
Tecnico,2020-02,0.28719723183390972,289
Tecnico,2020-03,0.36301369863013694,146
Tecnico,2020-04,0.42164179104477617,134
Tecnico,2020-05,0.35467980295566504,203
Tecnico,2020-06,0.30371900826446274,242
Tecnico,2020-07,0.31174089068825928,247
Tecnico,2020-08,0.29268292682926839,164
Tecnico,2020-09,0.31278538812785389,219
Tecnico,2020-10,0.49999999999999994,12
Tecnico,2020-11,0.38378378378378358,185
Tecnico,2020-12,0.33609958506224069,241
Tecnico,2021-01,0.53458498023715406,506
Tecnico,2021-02,0.61876640419947471,762
Tecnico,2021-03,0.66334661354581637,753
Tempi Riparazione,2015-01,0.25,2
Tempi Riparazione,2015-02,0,2
Tempi Riparazione,2015-05,0.125,4
Tempi Riparazione,2015-06,0.33333333333333331,3
Tempi Riparazione,2017-01,0.1216216216216216,74
Tempi Riparazione,2017-02,0.12500000000000003,12
Tempi Riparazione,2017-03,0.0625,16
Tempi Riparazione,2017-04,0.10714285714285715,14
Tempi Riparazione,2017-05,0.20833333333333331,12
Tempi Riparazione,2017-06,0.21428571428571427,21
Tempi Riparazione,2017-07,0,8
Tempi Riparazione,2017-08,0.19230769230769229,13
Tempi Riparazione,2017-09,0.375,4
Tempi Riparazione,2017-10,0.035714285714285712,14
Tempi Riparazione,2017-11,0.049999999999999996,20
Tempi Riparazione,2017-12,0.099999999999999992,15
Tempi Riparazione,2018-01,0.14814814814814814,27
Tempi Riparazione,2018-02,0.027777777777777776,18
Tempi Riparazione,2018-03,0.019230769230769232,26
Tempi Riparazione,2018-04,0.076923076923076927,13
Tempi Riparazione,2018-05,0.088235294117647065,17
Tempi Riparazione,2018-06,0.076923076923076927,13
Tempi Riparazione,2018-07,0.071428571428571438,14
Tempi Riparazione,2018-08,0.076923076923076913,13
Tempi Riparazione,2018-09,0.25000000000000006,10
Tempi Riparazione,2018-10,0.11538461538461538,13
Tempi Riparazione,2018-11,0.14285714285714288,28
Tempi Riparazione,2018-12,0.19230769230769226,39
Tempi Riparazione,2019-01,0.15476190476190471,42
Tempi Riparazione,2019-02,0.12903225806451618,31
Tempi Riparazione,2019-03,0.045454545454545449,22
Tempi Riparazione,2019-04,0.038461538461538457,13
Tempi Riparazione,2019-05,0.10000000000000002,35
Tempi Riparazione,2019-06,0.15625,16
Tempi Riparazione,2019-07,0.083333333333333329,18
Tempi Riparazione,2019-08,0.14583333333333334,24
Tempi Riparazione,2019-09,0.14705882352941177,17
Tempi Riparazione,2019-10,0.019999999999999997,25
Tempi Riparazione,2019-11,0.18333333333333332,30
Tempi Riparazione,2019-12,0.14583333333333337,24
Tempi Riparazione,2020-01,0.10344827586206895,29
Tempi Riparazione,2020-02,0.083333333333333329,18
Tempi Riparazione,2020-03,0.29166666666666669,12
Tempi Riparazione,2020-04,0.26666666666666666,15
Tempi Riparazione,2020-05,0.16666666666666666,21
Tempi Riparazione,2020-06,0.25,18
Tempi Riparazione,2020-07,0.10000000000000002,10
Tempi Riparazione,2020-08,0.25,8
Tempi Riparazione,2020-09,0.19230769230769229,13
Tempi Riparazione,2020-10,0.5,1
Tempi Riparazione,2020-11,0.2,5
Tempi Riparazione,2020-12,0.15625000000000003,16
Tempi Riparazione,2021-01,0.16666666666666666,42
Tempi Riparazione,2021-02,0.24683544303797472,79
Tempi Riparazione,2021-03,0.24576271186440674,59
Velocità Riparazione,2015-01,0,1
Velocità Riparazione,2015-02,0,2
Velocità Riparazione,2015-04,0,2
Velocità Riparazione,2015-05,0,1
Velocità Riparazione,2015-06,0,1
Velocità Riparazione,2017-01,0.3000000000000001,20
Velocità Riparazione,2017-02,0.4,5
Velocità Riparazione,2017-03,0.16666666666666669,6
Velocità Riparazione,2017-04,0.33333333333333337,3
Velocità Riparazione,2017-05,0.41666666666666669,6
Velocità Riparazione,2017-06,0.4375,8
Velocità Riparazione,2017-07,0,1
Velocità Riparazione,2017-08,0.3125,8
Velocità Riparazione,2017-09,0.6,5
Velocità Riparazione,2017-10,0,3
Velocità Riparazione,2017-11,0.19230769230769232,13
Velocità Riparazione,2017-12,0.3125,8
Velocità Riparazione,2018-01,0.58333333333333337,6
Velocità Riparazione,2018-02,0,6
Velocità Riparazione,2018-03,0.25,4
Velocità Riparazione,2018-04,0.66666666666666674,6
Velocità Riparazione,2018-05,0.66666666666666663,3
Velocità Riparazione,2018-06,0.31818181818181818,11
Velocità Riparazione,2018-07,0.33333333333333331,3
Velocità Riparazione,2018-08,0.33333333333333331,3
Velocità Riparazione,2018-09,0.5,2
Velocità Riparazione,2018-10,0.35,10
Velocità Riparazione,2018-11,0.22222222222222227,18
Velocità Riparazione,2018-12,0.5,15
Velocità Riparazione,2019-01,0.17647058823529413,17
Velocità Riparazione,2019-02,0.45,10
Velocità Riparazione,2019-03,0.49999999999999994,12
Velocità Riparazione,2019-04,0.4642857142857143,14
Velocità Riparazione,2019-05,0.28571428571428575,14
Velocità Riparazione,2019-06,0.35,10
Velocità Riparazione,2019-07,0.33333333333333331,12
Velocità Riparazione,2019-08,0.5,12
Velocità Riparazione,2019-09,0.28571428571428575,14
Velocità Riparazione,2019-10,0.25,14
Velocità Riparazione,2019-11,0.58333333333333337,12
Velocità Riparazione,2019-12,0.61111111111111116,9
Velocità Riparazione,2020-01,0.17857142857142858,14
Velocità Riparazione,2020-02,0.375,12
Velocità Riparazione,2020-03,0.2,5
Velocità Riparazione,2020-04,0.16666666666666666,9
Velocità Riparazione,2020-05,0.20833333333333331,12
Velocità Riparazione,2020-06,0.19230769230769232,13
Velocità Riparazione,2020-07,0.25000000000000006,20
Velocità Riparazione,2020-08,0.10000000000000002,10
Velocità Riparazione,2020-09,0.16666666666666669,6
Velocità Riparazione,2020-11,0.29166666666666674,12
Velocità Riparazione,2020-12,0.27777777777777779,9
Velocità Riparazione,2021-01,0.69354838709677435,31
Velocità Riparazione,2021-02,0.75454545454545452,55
Velocità Riparazione,2021-03,0.78448275862068972,58
Whirlpool,2015-01,0,1
Whirlpool,2015-02,0,4
Whirlpool,2015-03,0,2
Whirlpool,2015-04,0,6
Whirlpool,2015-05,0,4
Whirlpool,2015-06,0.33333333333333337,3
Whirlpool,2015-07,1,1
Whirlpool,2017-01,0.34615384615384603,39
Whirlpool,2017-02,0,3
Whirlpool,2017-03,0.11111111111111113,9
Whirlpool,2017-04,0,3
Whirlpool,2017-05,0.33333333333333337,3
Whirlpool,2017-06,0.5,4
Whirlpool,2017-07,0.4285714285714286,7
Whirlpool,2017-08,1,2
Whirlpool,2017-09,0.66666666666666663,3
Whirlpool,2017-10,0.5,4
Whirlpool,2017-11,0.5,2
Whirlpool,2017-12,0,4
Whirlpool,2018-01,0.33333333333333337,3
Whirlpool,2018-02,0.2,5
Whirlpool,2018-03,0,4
Whirlpool,2018-04,0.5,2
Whirlpool,2018-05,0.5,2
Whirlpool,2018-06,0.2,5
Whirlpool,2018-07,1,3
Whirlpool,2018-08,0.5,2
Whirlpool,2018-09,0,2
Whirlpool,2018-10,0.25,4
Whirlpool,2018-11,0.2,10
Whirlpool,2018-12,0.36363636363636365,11
Whirlpool,2019-01,0.875,8
Whirlpool,2019-02,0.7,10
Whirlpool,2019-03,0.24999999999999997,12
Whirlpool,2019-04,0.27272727272727271,11
Whirlpool,2019-05,0.5,9
Whirlpool,2019-06,0.16666666666666669,6
Whirlpool,2019-07,0.5,4
Whirlpool,2019-08,0.75,4
Whirlpool,2019-09,0.2857142857142857,7
Whirlpool,2019-10,0.7142857142857143,7
Whirlpool,2019-11,0.12500000000000003,8
Whirlpool,2019-12,0.28571428571428575,7
Whirlpool,2020-01,0.25,8
Whirlpool,2020-02,0.3125,8
Whirlpool,2020-03,0.33333333333333337,3
Whirlpool,2020-04,0.66666666666666674,3
Whirlpool,2020-05,0.44444444444444442,9
Whirlpool,2020-06,0,3
Whirlpool,2020-07,0,4
Whirlpool,2020-08,0,4
Whirlpool,2020-09,0.7142857142857143,7
Whirlpool,2020-11,0.66666666666666663,3
Whirlpool,2020-12,0,2
Whirlpool,2021-01,0.3888888888888889,9
Whirlpool,2021-02,0.2,5
Whirlpool,2021-03,0.85714285714285721,7
